-- MariaDB dump 10.19  Distrib 10.4.24-MariaDB, for Win64 (AMD64)
--
-- Host: localhost    Database: yadanarthike_db
-- ------------------------------------------------------
-- Server version	10.4.24-MariaDB

/*!40101 SET @OLD_CHARACTER_SET_CLIENT=@@CHARACTER_SET_CLIENT */;
/*!40101 SET @OLD_CHARACTER_SET_RESULTS=@@CHARACTER_SET_RESULTS */;
/*!40101 SET @OLD_COLLATION_CONNECTION=@@COLLATION_CONNECTION */;
/*!40101 SET NAMES utf8mb4 */;
/*!40103 SET @OLD_TIME_ZONE=@@TIME_ZONE */;
/*!40103 SET TIME_ZONE='+00:00' */;
/*!40014 SET @OLD_UNIQUE_CHECKS=@@UNIQUE_CHECKS, UNIQUE_CHECKS=0 */;
/*!40014 SET @OLD_FOREIGN_KEY_CHECKS=@@FOREIGN_KEY_CHECKS, FOREIGN_KEY_CHECKS=0 */;
/*!40101 SET @OLD_SQL_MODE=@@SQL_MODE, SQL_MODE='NO_AUTO_VALUE_ON_ZERO' */;
/*!40111 SET @OLD_SQL_NOTES=@@SQL_NOTES, SQL_NOTES=0 */;

--
-- Table structure for table `admin`
--

DROP TABLE IF EXISTS `admin`;
/*!40101 SET @saved_cs_client     = @@character_set_client */;
/*!40101 SET character_set_client = utf8 */;
CREATE TABLE `admin` (
  `admin_id` int(11) NOT NULL AUTO_INCREMENT COMMENT 'Table''s id',
  `admin_email` varchar(256) NOT NULL,
  `admin_name` varchar(256) NOT NULL COMMENT 'Admin''s name',
  `admin_password` varchar(256) NOT NULL COMMENT 'Admin''s password',
  `role` int(11) NOT NULL COMMENT 'Admin''s role',
  `del_flg` int(11) NOT NULL COMMENT 'Delete flag',
  `created_date` varchar(10) NOT NULL COMMENT 'Date this table was created',
  `created_by` varchar(256) NOT NULL COMMENT 'Name this table was created',
  `updated_date` varchar(11) DEFAULT NULL COMMENT 'Date this table was updated',
  `updated_by` varchar(256) DEFAULT NULL COMMENT 'Name this table was updated',
  PRIMARY KEY (`admin_id`)
) ENGINE=InnoDB AUTO_INCREMENT=6 DEFAULT CHARSET=utf8mb4;
/*!40101 SET character_set_client = @saved_cs_client */;

--
-- Dumping data for table `admin`
--

LOCK TABLES `admin` WRITE;
/*!40000 ALTER TABLE `admin` DISABLE KEYS */;
INSERT INTO `admin` VALUES (5,'linn@gmail.com','Linn Ko Ko','12345678',0,0,'6/18/2022','Myat Kaung Khant',NULL,NULL);
/*!40000 ALTER TABLE `admin` ENABLE KEYS */;
UNLOCK TABLES;

--
-- Table structure for table `author`
--

DROP TABLE IF EXISTS `author`;
/*!40101 SET @saved_cs_client     = @@character_set_client */;
/*!40101 SET character_set_client = utf8 */;
CREATE TABLE `author` (
  `author_id` int(11) NOT NULL AUTO_INCREMENT COMMENT 'Table''s id',
  `author_image` varchar(256) DEFAULT NULL COMMENT 'Author''s image',
  `author_name` varchar(256) NOT NULL COMMENT 'Author''s name',
  `author_about` varchar(1024) DEFAULT NULL COMMENT 'Author''s about',
  `author_life` varchar(128) NOT NULL COMMENT 'Author''s life',
  `author_category` varchar(256) NOT NULL,
  `del_flg` int(11) NOT NULL COMMENT 'Delete flag',
  `created_date` varchar(10) NOT NULL COMMENT 'Date this table was created',
  `created_by` varchar(256) NOT NULL COMMENT 'Name this table was created',
  `updated_date` varchar(10) DEFAULT NULL COMMENT 'Date this table was updated',
  `updated_by` varchar(256) DEFAULT NULL COMMENT 'Name this table was updated',
  PRIMARY KEY (`author_id`)
) ENGINE=InnoDB AUTO_INCREMENT=60 DEFAULT CHARSET=utf8mb4;
/*!40101 SET character_set_client = @saved_cs_client */;

--
-- Dumping data for table `author`
--

LOCK TABLES `author` WRITE;
/*!40000 ALTER TABLE `author` DISABLE KEYS */;
INSERT INTO `author` VALUES (41,'person icon.png','ကိုကိုလေး','မတွေ့ရှိပါ။','1972-present','က',0,'17/06/2022','myat kaung khant',NULL,NULL),(42,'person icon.png','ခင်မာညို(Dip in Thai-YUFL)','မတွေ့ရှိပါ။','1962-present','ခ',0,'17/06/2022','myat kaung khant',NULL,NULL),(43,'COoNyo.jpg','ချစ်ဦးညို','ချစ်ဦးညိုသည် ၃၀ရက် ဒီဇင်ဘာ ၁၉၄၇တွင်မွေးဖွားခဲ့သည်။ သူသည် စာရေးဆရာသာမက ဝတ္ထုရေးဆရာ၊ ဇာတ်ညွှန်းဆရာနှင့် ေကျာင်းဆရာလည်း ဖြစ်သည်။ သူ့ကို၂၀ ရာစု၏ မြန်မာစာပေလောကအတွက် ဘုရားပေးသောစာရေးဆရာဟုပင် သတ်မှတ်၍ရပေသည်။ သူသည် သမိုင်းကြောင်း၊ ဘုရား၏ဘဝဇာတ်ကြောင်းတို့ကိုအခြေခံ၍ မတူကွဲပြားသောအမြင်ဖြင့်သူ၏ဆန်းသစ်သောစာရေးသည့်အရည်အချင်းကို အသုံးချ၍ များစွာသော သမိုင်းဝတ္ထုကိုရေးသားခဲ့သည်။ \'လင်္ကာဒီပချစ်သူ\'အမည်ရှိစာအုပ်သည် သူရေးသားခဲ့သော ထင်ရှားကျော်ကြားသောစာအုပ်များအနက်မှ တစ်အုပ်အပါအဝင်ဖြစ်သည်။ ၁၉၉၉ခုနှစ်မှစ၍ ယဥ်ကျေးမှူနှင့်အနုပညာတက္ကသိုလ်တွင် အကြံပေးအနေဖြင့် တာဝန်ထမ်းဆောင်ခဲ့သည်။','1947-present','ခ',0,'17/06/2022','myat kaung khant',NULL,NULL),(44,'person icon.png','ခင်ခင်မေကျော်','မတွေ့ရှိပါ။','1962-present','ခ',0,'17/06/2022','myat kaung khant',NULL,NULL),(45,'chanmyaewin.jpg','ချမ်းမြေ့ဝင်း','မတွေ့ရှိပါ။','-present','ခ',0,'17/06/2022','myat kaung khant',NULL,NULL),(46,'person icon.png','ဒေါ်ချောစုခိုင်','မတွေ့ရှိပါ။','-','ခ',0,'17/06/2022','myat kaung khant',NULL,NULL),(47,'person icon.png','ဒေါက်တာခင်မိုးမိုး','မတွေ့ရှိပါ။','-present','ခ',0,'17/06/2022','myat kaung khant','17/06/2022','Myat Kaung Khant'),(48,'myathantint','မြသန်းတင့်','ဦးမြသန်းခေါ် စာရေးဆရာမြသန်းတင့်ကို အဘ ဦးပေါတင့်၊ အမိ ဒေါ်လှိုင်တို့က ပခုက္ကူခရိုင်၊ မြိုင်မြို့တွင် ၁၉၂၉ ခုနှစ်၊ မေလ ၂၃ ရက်၊ ကြာသပတေးနေ့၌ မွေးဖွား သည်။ မွေးချင်းခုနစ်ယောက်တွင် အကြီးဆုံးဖြစ်သည်။\r\n\r\nငယ်စဉ် ၁၉၄၃ခုနှစ်တွင် အာရှလူငယ်အဖွဲ့၌တက်ကြွစွာ ပါဝင်ခဲ့သည်။ ၁၉၄၄ ခုနှစ်တွင် ဖက်ဆစ်တော်လှန်ရေး မြေအောက်ကလာပ်စည်းများနှင့် ဆက်သွယ်၍ ဖက်ဆစ်တော် လှန်ရေးကြီးတွင် ပါဝင်ခဲ့သည်။ ဂျပန်တော်လှန်ရေးကာလအတွင်း စစ်ကိုင်းရှိ ဗိုလ်သန်းဦး (တော်လှန်ရေးတွင် ကျဆုံး)၊ သခင်မောင်တင်(ပြည်တွင်းစစ်တွင် ကျဆုံး) နှင့် မြိုင်မြို့ ဘုန်းတော်ကြီး ဦးစရိယ (မြိုင်ဖဆပလအမတ်ဟောင်း ဦးသက်ရှည်)တို့၏ ဦးဆောင်မှုအောက်တွင် ပါဝင်လှုပ်ရှားခဲ့သည်။ ဒုတိယကမ္ဘာစစ်ကြီးအပြီး မန္တလေးခရိုင်၊ အထက်မြန်မာပြည် ဖဆပလအဖွဲ့ချုပ်တွင် အချိန်ပြည့် တာဝန်ထမ်းဆောင်ခဲ့ သည်။\r\n\r\n၁၉၄၈ ခုနှစ်တွင် ရန်ကုန်တက္ကသိုလ်သို့ တက်ရောက်သည်။ ၁၉၅၄ ခုနှစ်တွင် ဝိဇ္ဇာဘွဲ့နှင့် ၁၉၅၆ ခုနှစ်တွင် ဥပဒေဘွဲ့တို့ကို ရရှိခဲ့သည်။\r\n\r\nကျောက်ပန်းတောင်းတွင် အက်တူး သခင်အုန်းဖေ (ပြည်တွင်းစစ်တွင်ကျဆုံး) နှင့်အတူ လယ်သမားများ သီးစားခ မပေးရေး တိုက်ပွဲ၊ လက်ငုတ်လယ်ပြန်ထွန်ရေးတိုက်ပွဲ၊ မြေရှင်ကြီးများ၏လယ်များကို အတင်းဝင်ထွန်ရေ','1929-1998','မ',0,'17/06/2022','myat kaung khant',NULL,NULL),(49,'uniphonenaing.jpg','တက္ကသိုလ်ဘုန်းနိုင်','တက္ကသိုလ် ဘုန်းနိုင် (၁၉၃ဝ-၂ဝဝ၂) သည် မြန်မာနိုင်ငံသား တက္ကသိုလ် ပါမောက္ခ/ပါမောက္ခချုပ် တစ်ဦး အဖြစ်တာဝန်ထမ်းဆောင်ခဲ့သူ ဖြစ်ပြီး အမျိုးသား စာပေဆုရ စာရေးဆရာ၊ ဇာတ်ညွှန်းရေးဆရာ၊ တေးရေးဆရာလည်း ဖြစ်ခဲ့သည်။ \r\n\r\nမွေးဖွား  - ၁၆ ဇန်နဝါရီ ၁၉၃ဝ။ သန်လျင်မြို့၊ ဗြိတိသျှဘားမား \r\n\r\nကွယ်လွန်  - ၁ဝ မေ၂ဝဝ၂။ သန်လျင်မြို့၊ မြန်မာနိုင်ငံ \r\n\r\nမိခင်ကျောင်း- ရန်ကုန် တက္ကသိုလ်၊\r\nကိုလံဘီယာ တက္ကသိုလ် (အမေရိကန်ပြည်ထောင်စု)\r\nအလုပ်အကိုင်  - ပါမောက္ခချုပ်၊ စာရေးဆရာ \r\n\r\nကျော်ကြားမှုအရင်းခံ - အမျိုးသား စာပေဆုရ စာရေးဆရာ \r\n\r\nထင်ရှားသည့်လုပ်ဆောင်မှု - \'သူ့ကျွန်မခံပြီ\'ဝတ္ထု (၁၉၅၉)\r\n\'သူငယ်ချင်းလို့ပဲ ဆက်၍ခေါ်မည် ခိုင်\'(၁၉၆၄)\r\n\'တပြည်သူ မရွှေထား\'(၁၉၇၁)\r\n\'နှင်းငွေ့ တထောင့် မိုးတမှောင့်\'(၁၉၇၂) \r\n\r\nမိဘ(များ)  - ဦးထွန်းဖေ + ဒေါ်ကြင်မေ','1930-2002','တ',0,'17/06/2022','myat kaung khant',NULL,NULL),(50,'Juu.jpg','ဂျူး','ဆရာမဂျူးကို ရေနံချောင်းမြို့၌ ၁၉၅၈ ခုနှစ် စက်တင်ဘာလ ၂၀ ရက် စနေနေ့တွင် အဘ ဦးသောင်းနှင့် အမိ ဒေါ်ငြိမ်းတို့မှ မွေးဖွားသည်။\r\n\r\nအမည်ရင်းမှာ တင်⁠တင်ဝင်း ဖြစ်သည်။ မွေးချင်း (၅)ယောက်အနက် တတိယမြောက်ဖြစ်သည်။\r\n\r\nရေနံချောင်းမြို့တွင် သူငယ်တန်း၊ ကုန်းဇောင်းရွာတွင် သူငယ်တန်းမှ ပဉ္စမတန်းထိ၊ ရေနံချောင်းမြို့အမှတ် (၁) အစိုးရ အထက်တန်း ကျောင်းများတွင် ဆဋ္ဌမတန်းမှ ဒသမတန်းထိ ပညာသင်ကြားခဲ့သည်။ ၁၉၇၆-ခုနှစ်တွင် မန္တလေးဆေးတက္ကသိုလ် တက်ရောက်ခဲ့ပြီး ၁၉၈၃-ခုနှစ်တွင် အမ်ဘီ⁠ဘီအက်စ် ဘွဲ့ရရှိခဲ့သည်။\r\n\r\n၁၉၇၉ ခုနှစ် မန္တလေး ဆေးတက္ကသိုလ် နှစ်လည်မဂ္ဂဇင်းပါ ရာဇဝင် ထဲမှာ မောင့်ကို ထားရစ်ခဲ့ ဝတ္ထုတိုသည် ပထမဆုံး ပုံနှိပ် ဖော်ပြခံရသော စာမူ ဖြစ်သည်။ ၁၉၈၁ ခုနှစ် ရှုမဝမဂ္ဂဇင်းပါ သက်ငင်ချစ် (ချစ်ကိုယ်တွေ့) ဝတ္ထုတိုဖြင့် စာပေနယ်သို့ စတင် အခြေချ နိုင်ခဲ့သည်။ ၁၉၈၇ ခုနှစ်တွင် ပထမဦးဆုံးလုံးချင်းဝတ္ထု ဖြစ်သော အမှတ်တရ ဝတ္ထု (ဝေဖန်ခံရသော စာအုပ်) ဖြင့် အောင်မြင်သော စာရေးဆရာမ ဖြစ်လာခဲ့သည်။\r\n\r\nမဟေသီ၊ ဒဂုန်၊ ဟန်သစ်၊ ချယ်ရီ၊ ကလျာ၊ စပယ်ဖြူ မဂ္ဂဇင်း များတွင်လည်း ဝတ္ထုတို၊ မဂ္ဂဇင်း ဝတ္ထုရှည်နှင့် ဆောင်းပါးများ ရေးသားသည်။ ဆရာမဂျူး ရေးသား ခဲ့သော စာအုပ်များအနက် ကြာတော့သည','1958-present','ဂ',0,'17/06/2022','myat kaung khant',NULL,NULL),(51,'aungthin.jpg','အောင်သင်း','အောင်သင်း (၁၉၂၇ ခုနှစ် - ၂၀၁၄ ခုနှစ်)သည် မြန်မာ နိုင်ငံသား စာရေး ဆရာ တစ်ဦး ဖြစ်သည်။ ထို့အပြင် ရန်ကုန် တက္ကသိုလ်၊ မော်လမြိုင် ဒီဂရီ ကောလိပ်နှင့် ပြင်ဦးလွင် စစ် တက္ကသိုလ်တို့တွင် တက္ကသိုလ် ဆရာ တစ်ဦး အဖြစ်လည်း တာဝန် ထမ်းဆောင်ခဲ့သည်။\r\nရွှေဗဟိုဆေးရုံ၌ နှလုံးရောဂါဖြင့် ဆေးကုသနေသည့် စာရေးဆရာ ဦးအောင်သင်းသည် ဆေးရုံကဆင်းပြီး အိမ်ပြန်ရောက်အနားယူနေစဉ် ၂၀၁၄-ခု၊ အောက်တိုဘာလ(၂၅)ရက်၊ ၁၀ နာရီ ၇ မိနစ်တွင် ကွယ်လွန်ခဲ့သည်။ ကွယ်လွန်ချိန်တွင် အသက် (၈၈)နှစ် ရှိပြီဖြစ်သည်။','1927-2014','အ',0,'17/06/2022','myat kaung khant',NULL,NULL),(52,'journal.jpg','ဂျာနယ်ကျော်မမလေး','မမလေးကို ဧရာဝတီတိုင်း ဖျာပုံခရိုင် ဘိုကလေးမြို့နယ် ကမာကလူကျေးရွာ၌ အဖ ဦးပျားချို(ဒေါ်ဆင်ဘဏ်မန်နေဂျာ)၊ အမိ ဒေါ်ကွီ တို့က ၁၉၁၇ ခု ဧပြီလ ၁၃ ရက် သောကြာနေ့တွင် မွေးဖွားသည်။ မွေးချင်းငါးဦးအနက် စတုတ္ထမြောက် ဖြစ်သည်။ အမည်ရင်း မတင်လှိုင် ဖြစ်သည်။ ၁၉၂၂ ခုတွင် ဖျာပုံ အေဘီအမ် ကျောင်း၌ အစိုးရကျောင်းမှ ၁၉၂၇ ခုတွင် သတ္တမတန်းအောင်သည်။ ထို့နောက် ရန်ကုန်မြို့ မြို့မ အထက်တန်းကျောင်း ရန်ကုန် မြို့မ အမျိုးသမီးကျောင်း၌ နဝမတန်း (၁၉၃၂) အထိ ပညာသင်ကြားခဲ့သည်။ ၁၉၃၈ ခုတွင် မြန်မာ့အလင်းသတင်းစာ အယ်ဒီတာချုပ်ဦးချစ်မောင် နှင့် လက်ထပ်သည်။ ၁၉၄၆ ခု ဧပြီလ ၃ ရက်တွင် ခင်ပွန်း ဂျာနယ်ကျော် ဦးချစ်မောင် ကွယ်လွန်၍ သားနှစ်ဦးနှင့် သမီးတစ်ဦး ကျန်ရစ်ခဲ့သည်။ ၁၉၅၉ ခု မေလ ၁၄ ရက်တွင် ဦးအောင်ဇေယျနှင့် အိမ်ထောင်ပြုသည်။','1917-1982','ဂ',0,'17/06/2022','myat kaung khant',NULL,NULL),(53,'shwe.jpg','ရွှေဥဒေါင်း','ရွှေဥဒေါင်း (၁၈၈၉- ၁၉၇၃) သည် မြန်မာနိုင်ငံသား စာရေးဆရာ ဖြစ်ပြီး ကျောင်းဆရာ၊ သစ်တောစာရေး၊ တောလိုက်စာရေး၊ မဂ္ဂဇင်းအယ်ဒီတာ၊ သတင်းစာအယ်ဒီတာချုပ်အဖြစ် ကျင်လည်ခဲ့သည်။ ပင်ကိုရေး၊ အမှီးနှင့် ဘာသာပြန်ဝတ္ထုတိုရှည်များ၊ ဗုဒ္ဓဝါဒ၊ တွေးခေါ်မြော်မြင်ရေး၊ အတ္ထုပ္ပတ္တိစာအုပ်များ ရေးသားခဲ့သည်။ အထူးသဖြင့် စုံထောင်မောင်စံရှား အမှီးဝတ္ထုများ၊ တစ်သက်တာမှတ်တမ်းနှင့် အတွေးအခေါ်များ၊ ဒိဋ္ဌေဒိဋ္ဌမတ္တံ လက်တွေ့ကျင့်စဉ် စာအုပ်များမှာ ထင်ရှားသည်။ မြန်မာစာပေနယ်တွင် အမှီးဝတ္ထုပုံစံကို ထူးချွန်ပြောင်မြောက်စွာ တိုးချဲ့ဆန်းသစ်ခဲ့သည်။ ရရှိခဲ့သည့် စာပေဗိမာန်ဆုများမှာ မျှော်တလင့်လင့်ဖြင့် ၁၉၅၂ ခု ဘာသာပြန်ဆု၊ သွေးစုပ်မြေဖြင့် ၁၉၅၅ခု ဘာသာပြန်ဆု၊ တစ်သက်တာမှတ်တမ်းနှင့် အတွေးအခေါ်များဖြင့် ၁၉၆၁ ခု သုတပဒေသာဆုများ ရရှိခဲ့သည်။','1889-1973','ရ',0,'17/06/2022','myat kaung khant',NULL,NULL),(54,'khinkhinhtoo','ခင်ခင်ထူး','၁၉၆၅ ဒီဇင်ဘာ(၁၇)ရက်နေ့တွင် မြင်းခြံမြို့၌ အဖ-ဦးညို၊ အမိ-ဒေါ်မြတင်တို့က မွေးဖွားသည်။ မွေးချင်း(၆)ယောက်တွင် တတိယမြောက် တစ်ဦးတည်းသော သမီးဖြစ်သည်။ အမည်ရင်းမှာ ဒေါ်ထူးထူး ပင်ဖြစ်သည်။ ငယ်စဉ်က မြင်းခြံမြို့တွင် ပညာသင်ကြားခဲ့သည်။\r\n\r\n၁၉၈၅၌ မန္တလေးတက္ကသိုလ်မှ ဓာတုဗေဒဘာသာရပ်ဖြင့် ဘွဲ့ရရှိခဲ့ကာ ၁၉၈၉တွင် မူလတန်းပြဆရာမအဖြစ် တာဝန်ထမ်းဆောင်ခဲ့သည်။ ၁၉၉ဝပြည့်နှစ်တွင် အလယ်တန်းပြဆရာမဖြစ်လာကာ ၁၉၉၂၌ မန္တလေးသို့ ပြောင်းရွှေ့ခဲ့သည်။ ဧပြီလထုတ် ရွှေဝတ်မှုန် မဂ္ဂဇင်းတွင် ပါရှိသော ပန်းပန်ပါရစေ ဝတ္ထုတိုဖြင့် စာပေနယ်သို့ စတင်ဝင်ရောက်ခဲ့ သည်။\r\n\r\n၁၉၉၃မှစ၍ မဂ္ဂဇင်းများတွင် ဝတ္ထုတို၊ ဝတ္ထုရှည်များရေးသားကာ အားကစားဂျာနယ်များတွင်လည်း ဘောလုံးဆောင်းပါးများ ရေးသားခဲ့၏ ။ အချို့ဝတ္ထုတိုများကို ဂျပန်ဘာသာ၊ ဂျာမန်ဘာသာသို့ ပြန်ဆိုခဲ့ကြသည်။ ၁၉၉၉တွင် မဂ္ဂဇင်းပါဝတ္ထုတိုများကို စုစည်းလျှက် သနပ်ခါး ဝတ္ထုတိုများထွက်ရှိခဲ့ကာ သူမ၏ ပထမဆုံး လုံးချင်းစာအုပ်ဖြစ်သည်။\r\n\r\n၂၀၀၁ ရောက်သောအခါ အလယ်တန်းပြဆရာမအဖြစ်မှ နုတ်ထွက်၍ နောင်တစ်နှစ်တွင် \'ကျမချစ်သော ဘောလုံးသူရဲကောင်းများ\' (စတားပလေယာကောက်ကြောင်း) စာအုပ်ထွက်ခဲ့သည်။ စာရေးဆရာ နေဝင်းမြင့် နှင့် အိမ်ထောင်ပြုခဲ့သည်။ ၂၀၀၃၌ ဖက်စ','1965-present','ခ',0,'17/06/2022','myat kaung khant',NULL,NULL),(55,'pone.jpg','ပုညခင်','၁၉၇၂ ခု၊ စက်တင်ဘာလ ၂၂ ရက်တွင် အဖ ဦးညွန့်ရှိန်၊ အမိ ဒေါ်ဌေးဌေးတို့မှ ဧရာဝတီတိုင်းဒေသကြီး ကျောင်းကုန်းမြိုတွင်မွေးသည်။ မွေးချင်း ၃ ဦးအနက် အကြီးဆုံးဖြစ်သည်။ အမည်ရင်းမှာ သင်းသင်းမာဖြစ်သည်။\r\n\r\n၁၉၉၁ ခုတွင် ကျောင်းကုန်းမြို အမှတ် (၁) အခြေခံပညာအထက်တန်းကျောင်းမှ အထက်တန်းအောင်သည်။\r\n\r\n၁၉၉၅ ခုတွင် ပုသိမ်တက္ကသိုလ်မှ မြန်မာစာအဓိကဖြင့် အဝေးသင်ဘွဲ့ရသည် ​','1972-present','ပ',0,'17/06/2022','myat kaung khant',NULL,NULL),(56,'person icon.png','အမည်မသိစာရေးဆရာ','မတွေ့ရှိပါ။','-','အမည်မသိစာရေးဆရာ',0,'17/06/2022','myat kaung khant',NULL,NULL),(57,'nunuyi.webp','နုနုရည်အင်းဝ','နုနုရည် (အင်းဝ) သည် မြန်မာအမျိုးသမီး စာရေးဆရာတစ်ဦး ဖြစ်သည်။ မြန်မာမင်းနေပြည်တော်ဟောင်း မြို့တစ်မြို့ဖြစ်သော အင်းဝမြို့တွင် ဦးဘမော်၊ ဒေါ်တင်ရွှေတို့မှ ၁၉၅၇ ခုနှစ်၊ မေလ ၁၈ ရက် စနေနေ့တွင် မွေးဖွားခဲ့သည်။ မောင်နှမ ၄ ဦးရှိသည့်အနက် သမီးဦးဖြစ်သည်။ ယခုအခါ နုနုရည် (အင်းဝ) သည် သရုပ်မှန်စာပေ၊ ပြည်သူ့အကျိုးပြု စာပေများရေးသားရင်းဖြင့် ခင်ပွန်းဖြစ်သူ ဦးအောင်ကျော်တိုး လက်ထောက်ကထိက၊ စိတ်ပညာဌာန၊ ရန်ကုန်တက္ကသိုလ် (ပင်မ) နှင့်အတူ လှိုင်တက္ကသိုလ်နယ်မြေ ရန်ကုန်မြို့တွင် နေထိုင်လျက်ရှိသည်။','1957-present','န',0,'17/06/2022','myat kaung khant',NULL,NULL),(58,'person icon.png','ဖရော်ဆန်','မတွေ့ရှိပါ။','-present','ဖ',0,'17/06/2022','myat kaung khant',NULL,NULL),(59,'99sat.jpg','နိုင်းနိုင်းစနေ','မတွေ့ရှိပါ။','-present','န',0,'17/06/2022','myat kaung khant',NULL,NULL);
/*!40000 ALTER TABLE `author` ENABLE KEYS */;
UNLOCK TABLES;

--
-- Table structure for table `book_m`
--

DROP TABLE IF EXISTS `book_m`;
/*!40101 SET @saved_cs_client     = @@character_set_client */;
/*!40101 SET character_set_client = utf8 */;
CREATE TABLE `book_m` (
  `book_id` int(11) NOT NULL AUTO_INCREMENT COMMENT 'Table''s id',
  `book_name` varchar(256) NOT NULL COMMENT 'Book''s name',
  `book_price` int(11) NOT NULL COMMENT 'Book''s price',
  `discount_price` int(11) DEFAULT NULL,
  `author_id` int(11) NOT NULL COMMENT 'Author''s id',
  `view_count` int(11) DEFAULT NULL,
  `book_desp` varchar(1024) DEFAULT NULL COMMENT 'Book''s Description',
  `category_id` int(11) NOT NULL COMMENT 'Book''s Category',
  `publisher_id` int(11) NOT NULL COMMENT 'Book''s publisher',
  `page_number` int(11) NOT NULL COMMENT 'Book''s page number',
  `size` varchar(256) NOT NULL COMMENT 'Book''s size',
  `book_img` varchar(256) NOT NULL COMMENT 'Book''s img',
  `stock_number` int(11) NOT NULL COMMENT 'Book''s current stock number',
  `book_pdf` varchar(256) DEFAULT NULL COMMENT 'Book''s pdf',
  `del_flg` int(11) NOT NULL COMMENT 'Delete flag',
  `created_date` varchar(10) NOT NULL COMMENT 'Date this table was created',
  `created_by` varchar(256) NOT NULL COMMENT 'Name this table was created',
  `updated_date` varchar(11) DEFAULT NULL COMMENT 'Date this table was updated',
  `updated_by` varchar(256) DEFAULT NULL COMMENT 'Name this table was updated',
  PRIMARY KEY (`book_id`)
) ENGINE=InnoDB AUTO_INCREMENT=50 DEFAULT CHARSET=utf8mb4;
/*!40101 SET character_set_client = @saved_cs_client */;

--
-- Dumping data for table `book_m`
--

LOCK TABLES `book_m` WRITE;
/*!40000 ALTER TABLE `book_m` DISABLE KEYS */;
INSERT INTO `book_m` VALUES (14,'နှမ်းခိုးစားသောမင်းသားငယ်',1500,1200,56,1,'စာအုပ်ဖော်ပြမှုမရှိပါ။',1,4,31,'7.3x0.10x10','Young_Prince.png',100,'bagan_khayeethae.pdf',0,'17/06/2022','myat kaung khant','17/06/2022','KaungKaung'),(15,'ကျောင်းတက်ချင်တဲ့ဂျားနီလေး',3000,NULL,56,NULL,'စာအုပ် ​ဖော်ပြမှု မရှိပါ။',1,4,22,'0x6x8','Jar_Ni.png',100,'book1.pdf',0,'17/06/2022','myat kaung khant',NULL,NULL),(16,'မင်းကုသနှင့်ပဘာဝတီပါဝေသောငါးရာ့ငါးဆယ် ရုပ်စုံဇာတ်လမ်းများ',2000,NULL,56,NULL,'စာအုပ် ​ဖော်ပြမှု မရှိပါ။',1,4,154,'7.4x0.3x10','Min_Khutha.png',100,'book2.pdf',0,'17/06/2022','myat kaung khant',NULL,NULL),(17,'ဘောလုံးကန်တဲ့စက်ရုပ်လေး',2000,NULL,56,NULL,'စာအုပ် ​ဖော်ပြမှု မရှိပါ။',1,3,22,'0x7.4x10','Robot.png',100,'book3.pdf',0,'17/06/2022','myat kaung khant',NULL,NULL),(18,'မြစိမ်းပြာကမာရွတ်',6000,NULL,57,NULL,'ရန်ကုန်မြို့ ကန်ထရိုက်တိုက်တလုံးပေါ်က မိသားစုတွေရဲ့ မတူညီတဲ့ဘဝကို\r\n ကွက်ကွက်ကွင်းကွင်းသရုပ်ဖော်ထားပြီး လူမျိုးစုံစရိုက်မျိုးစုံကို ရသစုံစုံမြင်တွေ့နိုင်တယ်။ \r\nလောကဓံကိုအန်တုရင်း ဘဝတွေကိုဘယ်လိုရုန်းကန်ကြသလဲ။ မပြေလည်မှုတွေကြားမှာ တစ်ဦးနဲ့တစ်ဦး\r\n ဖေးမပေးရင်း ပျော်ရွှင်အောင် နေနေကြတဲ့ မိသားစုတွေ၊ သဘာဝကျကျနဲ့ နေ့စဥ်ဘဝ​တွေကို \r\nဘယ်လိုဖြတ်သန်းနေတယ်ဆိုတာတွေ၊ လူငယ်နဲ့လူကြီးကြားက မတူညီတဲ့ စရိုက်တွေကိုလည်း နှိုင်းယှဥ်ပြထားတယ်။\r\n အဆုံးသတ်မှာတော့ လူတွေရဲ့ နေထိုင်မှုစရိုက်ကို ရှင်းရှင်းလင်းလင်းနဲ့ မငြီးငွေ့ရလေအောင်\r\n သရုပ်ဖော်ထားတာကြောင့် တကယ်ဖတ်လို့ကောင်းတဲ့ စာအုပ်ဖြစ်ပါတယ်။',2,1,382,'5.2x0.6x8.2','Mya_Sein_Pyar.png',100,'Mya_Sane.pdf',0,'17/06/2022','myat kaung khant',NULL,NULL),(19,'ပြုံး၍လည်းကန်တော့ခံတော်မူပါ ရယ်၍လည်းကန်တော့ခံတော်မူပါ',5000,NULL,57,NULL,'ကိုယ်ကိုယ်တိုင် တောင်ပြုံးရောက်သွားသလို သယ်ဆောင်သွားနိုင်တဲ့စာအုပ်။ \r\nပြီးတော့…. ကိုယ်ကိုယ်တိုင် နတ်ကတော် ဖြစ်သွားသလို ခံစားလာအောင် ရေဖွဲ့နိုင်တဲ့ စာအုပ်လေးပါ။',2,1,251,'5.2x0.4x8.2','Kantop.webp',99,'နုနုရည် အင်းဝ - ပြုံး၍လည်းကန်တော့ခံတော်မူပါ ရယ်၍လည်းကန်တော့ခံတော်မူပါ (1).pdf',0,'17/06/2022','myat kaung khant','17/06/2022','KaungKaung'),(20,'နှစ်ဆယ့်ရှစ်နှစ်ရှိပြီဖြစ်တဲ့ မိန်းမတစ်ယောက်',6000,NULL,57,NULL,'စာရေးသူမွေးဖွားစဥ်မှာ ကြုံတွေ့ရတဲ့ သူမ မိခင်ရဲ့ အခက်အခဲက အစချီလို့ အဘိုးအဘွားတွေရဲ့ အလိုလိုက်မှုကြောင့် စနေသမီးလေး ဆိုးသွမ်းပုံ၊\r\nအညာဒေသရဲ့ လူနေမှုဘဝ ခင်မင်ရတဲ့ သူငယ်ချင်းများ စာဖတ်ဝါသနာ ထက်သန်ပုံ အြေကာင်းပါတွဲလျက် ပုံဖော်ထားပါတယ်။\r\nကလေးဘဝအကြောင်းကို ရေးသားရာမှာလည်း ငယ်စဥ်အခါက ခံစားရတဲ့ တွေးခဲ့တဲ့ အတွေးလေးများအတိုင်းရေးထားတာမို့ သက်ဝင်လှပါတယ်။\r\nတက္ကသိုလ်ကျောင်းသူဘဝအကြောင်းကိုလည်း မန္တလေးတက္ကသိုလ်ရှုခင်းကို နောက်ခံထားလို့ အဆောင်နေကျောင်းသူဘဝရဲ့ သူငယ်ချင်းတွေနဲ့ ပျော်ရွှင်မှု အိမ်ကိုလွမ်းဆွတ်ရမှု တစ်ခါတစ်လေ ဝါသနာချင်းမတူလို့ အထီးကျန်မှုတွေကိုလည်း ရေးသားထားပါတယ်။',2,1,390,'5.2x0.6x8.2','28_years.png',100,'နုနုရည် အင်းဝ - နှစ်ဆယ့်ရှစ်နှစ်ရှိပြီဖြစ်တဲ့ မိန်းမတစ်ယောက်.pdf',0,'17/06/2022','myat kaung khant',NULL,NULL),(21,'နမ်းမှာလားမောင်ရဲ့ မွှေးတယ်ရှင်',5000,NULL,57,NULL,'သောင်းပြောင်းထွေလာ အောက်ခြေ လူတန်းစား ကျေးလက် လူမှု ဘ၀ရဲ့ စိတ်သဘောထား အသွားအလာလေးတွေ၊\r\n စကားပြောဟန်တွေ၊ ခေတ်စနစ် ရဲ့ အခြေအနေ တွေက လူတန်းစား တချို့ကို ဘယ်လိုထင်ဟပ်ပြီး ဒီလို လူတွေရဲ့\r\n ဘ၀ ကျင်လည်မှု ဖြစ်စဉ်တွေ ၊ရုန်းကန်မှု ပုံစံတွေ၊ ထွေလီပွေလီ နိစ္စဓူ၀ အဖြစ်အပျက်တွေထဲက မှတ်မှတ်ရရ \r\nအချိုးအကွေး တွေကို ရိုးရိုးရှင်းရှင်း စာဖတ်သွက်သွက် အတွေးကြာကြာ နဲ့ ဖတ်ရမယ့် ၀ တ္ထုတိုလေးတွေပါ။ \r\nပြန်လည်စုစည်းထားတဲ့ စာစဉ် ၀ တ္ထုတိုလေးတွေမို့ မဖတ်ဖူးသူ အတွက်တော့ အကုန်နီးပါး အသစ်တွေချည်းပါပဲ။\r\nဖတ်ဖူးသူ အနေနဲ့ကျတော့ တစုတစည်းတည်း စုစည်းထားတဲ့ အတွေးခံစားမှုရသ စာစု ဖြစ်တာမျိုး တစိမ့်စိမ့်နဲ့ \r\nပြုံးရင်း၊ တွေးရင်း၊ ‌ငေးရင်း နဲ့ နွေးထွေးစေမယ့် စာအုပ်လေးပါ။ ',2,1,305,'5.4x0.5x8.3','Nan_mhar.png',100,'နုနုရည် အင်းဝ - နမ်းမှာလားမောင်ရဲ့ မွှေးတယ်ရှင်နှင့် အခြားဝတ္ထုတိုများ.pdf',0,'17/06/2022','myat kaung khant',NULL,NULL),(22,'ကိုရီးယား အခြေခံသဒ္ဒါနှင့် လေ့ကျင့်ခန်းများ',3500,NULL,56,NULL,'စာအုပ် ​ဖော်ပြမှု မရှိပါ။',6,5,174,'5.8x0.4x8.2','korea_basic.png',100,'book1.pdf',0,'17/06/2022','myat kaung khant',NULL,NULL),(23,'လွယ်ကူလေ့လာ ဂျပန်သဒ္ဒါနှင့် စကား',3500,NULL,56,NULL,'စာအုပ် ​ဖော်ပြမှု မရှိပါ။',6,5,182,'5.6x0.4x8.3','lawe_kuJp.png',100,'book2.pdf',0,'17/06/2022','myat kaung khant',NULL,NULL),(24,'CSK အခြေခံတရုတ်စကားပြောစာအုပ်',6000,NULL,46,NULL,'အခြေခံဝေါဟာရပေါင်း (၁၀၀၀)ကျော်\r\nအခြေခံစကားပြောဝါကျပေါင်း (၃၆၉)\r\nအခြေခံတရုတ် သဒ္ဒါပုံစံများ\r\nနိုင်ငံတကာသုံးတရုတ်အသံထွက်(အင်္ဂလိပ်စာဖြင့်) + မြန်မာအသံထွက်ပါဝင်သည်။',6,5,166,'6.2x0.4x9.8','basic_chinese.webp',100,'book1.pdf',0,'17/06/2022','myat kaung khant',NULL,NULL),(25,'လက်တွေ့သုံးထိုင်းစကားပြော',6500,NULL,42,NULL,'စာအုပ် ​ဖော်ပြမှု မရှိပါ။',6,5,180,'6x0.5x8.2','thai.png',100,'book1.pdf',0,'17/06/2022','myat kaung khant',NULL,NULL),(26,'ဗိုက်ဝအောင်စားပြီး အဆီချကြမယ်',4000,NULL,44,1,'ဒီစာအုပ်ထဲမှာ လူတိုင်းနီးပါးလိုက်နာစားသောက်နိုင်တဲ့ ကျန်းမာရေးနဲ့ညီညွတ်သော diet plan…\r\nသက်ကြီးရွယ်အိုနှင့် eating disorder ရှိသူများ အစမ်းလေ့ကျင့်စားနိုင်သော အခြေခံ plan…\r\nနို့တိုက်မိခင်နဲ့ ကိုယ်ဝန်ဆောင်မိခင်များအတွက် ကလေးမထိခိုက်ပဲ အဆီတက်မလာအောင် ထိန်းသိမ်းစားသောက်နိုင်သော maternity plan…\r\nတွေပါဝင်ပါတယ်။',3,9,148,'5.3x0.2x8.2','Ase-Cha-Kya-Mal.webp',100,'book1.pdf',0,'17/06/2022','myat kaung khant','17/06/2022','KaungKaung'),(27,'သင့်ကျန်းမာရေးအတွက် ဆောင်ရန် အမူအကျင့်များ',3000,2500,47,NULL,'စာအုပ် ​ဖော်ပြမှု မရှိပါ။',3,8,175,'5.5x0.3x8.3','Saung-yen-amhue-ak.png',100,'book1.pdf',0,'17/06/2022','myat kaung khant',NULL,NULL),(28,'လွယ်ကူစစ်ဆေး သင့်ကျန်းမာရေး',3000,NULL,47,NULL,'စာအုပ် ​ဖော်ပြမှု မရှိပါ။',3,8,200,'5.6x0.3x8.3','Lku-ss.png',100,'book1.pdf',0,'17/06/2022','myat kaung khant',NULL,NULL),(29,'သွားညှိကုသခြင်း၊ သွားမြစ်တုကုသခြင်းနှင့် သွားကျန်းမာရေးဆိုင်ရာ သိမှတ်ဖွယ်ရာများ',7000,NULL,56,NULL,'ဒီစာအုပ်လေးကို ဖတ်ပြီးတဲ့အခါ ဆောင်ရန် ရှောင်ရန် အချက်တွေကို သိသွားပြီး သွားနှင့်ခံတွင်း ကျန်းမာရေးကို ဂရုစိုက်ကြရင်\r\n အချိန်ကုန်၊ ငွေကုန်၊ သွားကိုက် သွားနာ ဖြစ်တာတွေ နည်းသွားပါလိမ့်မယ်။ ရောင်စုံပုံလေးတွေနဲ့ ရှင်းပြပေးထားတာမို့ \r\nနောက်ဆုံးပေါ် သွားရောဂါကုသနည်း အကြောင်းတွေကိုလည်း လွယ်လွယ်ကူကူ နားလည်သဘောပေါက်လာမှာ ဖြစ်ပါတယ်။\r\nသွားညှိကုသမှုအကြောင်း၊ သွားမြစ်တု ကုသမှု အကြောင်းနှင့် သွားကျန်းမာရေးဆိုင်ရာ ဗဟုသုတတွေကို စာဖတ်သူ နားလည်လွယ်အောင် ရှင်ပြထားပါတယ်။',3,7,140,'6.1x0.35x8.7','Thwar-Myit-Tu.png',100,'book1.pdf',0,'17/06/2022','myat kaung khant',NULL,NULL),(30,'လူစွမ်းကောင်းဗိုလ်ချုပ်ကြီးများ',2000,NULL,41,NULL,'စာအုပ် ​ဖော်ပြမှု မရှိပါ။',4,6,182,'5.2x0.3x8.1','Hero.png',100,'book1.pdf',0,'17/06/2022','myat kaung khant',NULL,NULL),(31,'အဆိုးယုတ်ဆုံးအာဏာရှင် ၁၀၀',15000,NULL,41,NULL,'ယခုစာအုပ်တွင် ရှေးခေတ်- ခေတ်လယ် – ခေတ်သစ်ဟူ၍  ၃ပိုင်းခွဲ၍ တင်ပြထားပါတယ်။\r\nအီဂျစ်ဖာရိုဘုရင်ကြီး အဟင်အတွန်(အက်ခဲနတ်တန်)၊ မက်စီဒိုးနီးယားဘုရင် မဟာ-အလက်ဇန်းဒါး\r\nမှသည် တရုတ်ဧကရီ ဝူဟူး၊ မွန်ဂိုဘုရင် ဂျင်ဂျစ်ခန်အလယ်  မော်စီတုန်း၊ ဆူကာနို၊ ဆဒမ်ဟူစိန်၊\r\n ကဒါဖီတို့ အထိ အာဏာရှင်ပေါင်း (၁၀၀) ပါဝင်ပါတယ်။ တစ်ဦးချင်းစီအလိုက် ဘဝနှင့်\r\nကျူးလွန်ခဲ့သော ပြစ်မှုများကိုလည်း အသေးစိတ်ဖော်ပြပေးထားပါတယ်။',4,6,493,'7.4x0.8x10','tyrants.png',100,'book1.pdf',0,'17/06/2022','myat kaung khant',NULL,NULL),(32,'ဂိုချောက်တောင်',3500,NULL,56,NULL,'တတိယကမ္ဘာမှပထမကမ္ဘာ စာအုပ်ဖြင့် အမျိုးသားစာပေသာသာပြန်(သုတ) ဆုကိုရရှိခဲ့သော\r\nဆရာဟိန်းလတ်၏ စင်္ကာပူနှင့်ပက်သက်သည့် စတုတ္ထမြောက် စာအုပ်ဖြစ်သည်။\r\nစင်္ကာပူနိုင်ငံ၏ အောင်မြင်မှုကို ဥိးဆောင်လမ်းပြတည်ဆောက်ခဲ့သူတစ်ဦး၏အကြောင်း၊အာရှ၏\r\nအထင်ရှားဆုံး နိုင်ငံရေးသမားများထဲမှနိုင်ငံရေးသမားတစ်ဦး၏ အံ့မခန်း ခေါင်းဆောင်မှုအရည်အချင်း၊\r\nစင်္ကာပူနီုင်ငံအတွက်သာမက ပိုမိုကျယ်ပြန့်သော ကမ္ဘာကြီးကိုပါ မှန်ကန်စွာသုံးသပ်မြင်တတ်သူ စင်္ကာပူနိုင်ငံဝန်ကြီး\r\nဂိုခြောက်ထောင်၏ မဟာအောင်မြင်မှုမှတ်တမ်းများကို အလတ်ဆတ်ဆုံး အထူးခြားဆုံးတင်ပြထားသော စာအုပ်ဖြစ်ပါတယ်။\r\nအစိုးရတိုင်း၊ နိုင်ငံရေးသမားတိုင်း ခေတ်သစ်နိုင်ငံရေးသမိုင်းကို စိတ်ဝင်စားသူတိုင်း မလွတ်တမ်း မဖတ်မဖြစ် ဖတ်ရမည့် စာအုပ်ကောင်းတစ်အုပ်ဖြစ်ပါတယ်။',4,13,270,'5.6x0.6x8.2','Goh-Chok-Tong.png',100,'book1.pdf',0,'17/06/2022','myat kaung khant',NULL,NULL),(33,'ဂျဝါဟာလ္လာနေရူး အိန္ဒိယကိုထူထောင်ခြင်း',4000,NULL,41,NULL,'စာအုပ် ​ဖော်ပြမှု မရှိပါ။',4,6,319,'5.6x0.4x10','Nehru.png',100,'book1.pdf',0,'17/06/2022','myat kaung khant',NULL,NULL),(34,'အစ်ကို…သို့',2500,NULL,58,NULL,'အကို…သို့ဆိုတဲ့ စာအုပ်လေးထဲမှ စာရေးသူဟာ သူ့ကိုယ်သူ ကျွန်တော်ဆိုတဲ့ အသုံးအနှုန်းကို သုံးပြီးရေးသားသွားခဲ့တာဖြစ်ပီး ရောင်းအားကောင်းခဲ့တဲ့စာအုပ်ပဲ ဖြစ်ပါတယ်။\r\n“အကိုဆိုတဲ့ လူတစ်ယောက်ဟာ ကျွန်တော့ စိတ်ထဲမှာ စကားပြောဖော်လူတစ်ယောက်အဖြစ် ရှိနေခဲ့တာပါ။အကိုဟာ အပြင်လောကမှာ တကယ်ရှိချင်လဲ ရှိမယ် ရှိချင်မှလဲ ရှိမယ်။\r\nဘာပဲဖြစ်ဖြစ် အကိုဟာ ကျွန်တော့အပေါ် နွေးထွေးစွာဆက်ဆံလိုက်၊ ကျွန်တော့ကို စွန့်ပစ်လိုက် အမျိုးမျိုးကစားနေခဲ့သလို ဖြစ်ပြီး ကျွန်တော်ကလည်းလိုအပ်တဲ့အခါ\r\nအကို့ဆီပြေးဝင်လာလိုက်၊ မလိုအပ်တော့တဲ့အခါ ပြေးထွက်လိုက်” စိတ်ခံစားမှုတွေ အမျိုးမျိုးရှိတဲ့အကြောင်း ဒီစာအုပ်လေးမှာ စကားပြေအဖြစ် ရေးသားထားပါတယ်လို့ စာရေးသူက အမှာစာမှာဆိုထားပါတယ်။\r\nကဗျာ အက်ဆေးကြိုက်နှစ်သက်သူတို့အတွက် မိန်းခလေးတစ်ယောက်ရဲ့စိတ်ခံစားချက်အလှည့်အ​ပြောင်း တွေထုံမွမ်းနေတဲ့ အငွေ့အသက်လေးများ ခံစားရစေမယ့်  စာအုပ်ကောင်းလေးပဲ ဖြစ်ပါတယ်။',5,12,85,'5.6x0.5x10','To-brother.webp',100,'toBrother.pdf',0,'17/06/2022','myat kaung khant',NULL,NULL),(35,'ချန်ထားရက်လေသော…',2500,NULL,58,NULL,'ကျွန်တော်တစ်ခါတလေ ကိုယ့်ကိုယ်ကိုယ် မီးရထားတစ်စင်းလို တွေးကြည့်ဖူးတယ်။ ပြေးလမ်းတစ်ခုပေါ်မှာ မောင်းလိုက်၊ ဘူတာရုံလေးတစ်ခုမှာ ရပ်လိုက်နဲ့ ပုံမှန်ခုတ်မောင်းနေတဲ့ မီးရထားတစ်စီးပေါ့။ ရထားတစ်စင်းလို ကျွန်တော့်ဘဝထဲမှာ လူတချို့ကို အချိန်အတိုင်းအတာတစ်ခုအထိ သယ်ဆောင်ခဲ့ပြီး တချို့နေရာမှာတော့ ကျွန်တော်သူတို့ကို ထွက်သွားခွင့်ပြုခဲ့ရပါတယ်။ အဲဒီလိုခုတ်မောင်းလာရင်းပဲ ကျွန်တော့်ကို ချန်ထားရစ်ခဲ့တဲ့သူတွေ၊ ကျွန်တော်ကိုယ်တိုင်က ချန်ထားခဲ့ရတဲ့သူတွေဟာ တဖြည်းဖြည်းများပြားလာပါတယ်။ဒါကြောင့်ပဲ ကျွန်တော်ဝမ်းနည်းစွာနဲ့ ချန်ထားရက်လေသော . . . ဆိုတဲ့ ဒီစာအုပ်လေးကို ရေးမိတာပါ။ ဒါပေမဲ့လည်း ကျွန်တော့်ကို ချန်ထားရက်ခဲ့တဲ့ သူတွေကို ကျွန်တော်မုန်းလည်း မမုန်းသလို၊ စိတ်လည်း မနာပါဘူး။ ကျွန်တော်တို့ လွန်ဆန်လို့မရတဲ့ တွေ့ဆုံကြုံကွဲ ဓမ္မတာအတိုင်းပါပဲ။ လူတိုင်းလူတိုင်းဟာ ကိုယ်ပိုင်မီးရထားတစ်စင်းကို ပျော်ရွှင်စွာ ဆက်လက်မောင်းနှင်နေကြလိမ့်မယ်လို့ ကျွန်တော်ယုံပါတယ်။',5,11,100,'5.2x0.5x10','chan-htar-yat-lay-thaw.png',100,'chanHtar.pdf',0,'17/06/2022','myat kaung khant',NULL,NULL),(36,'အဝါရောင်စုဘူးလေး',3000,NULL,58,NULL,'ဘယ်သူ့ရဲ့အပျော်စိတ်ကစားတဲ့ အရုပ်ကလေးမှ မဖြစ်လိုဘူး ။ \r\nအပိုင်ဝယ်ဖို့ စိတ်ကူးမရှိတဲ့အခါ ကျွန်တော့်ကို \r\nလာ လာ မထိကြပါနဲ့ … ',5,12,177,'5.2x0.5x8','Subuu.png',100,'toBrother.pdf',0,'17/06/2022','myat kaung khant',NULL,NULL),(37,'ငြိတွယ်ခြင်းတို့ရဲ့အစခွင့်လွှတ်ရခြင်းတို့ရဲ့အဆုံး',4500,NULL,58,NULL,'တခြားသော လူတွေကြောင့်\r\n\r\nကိုယ့်နှလုံးသားကိုတော့ ဒဏ်ရာမရအောင် ကာကွယ်မှပေါ့\r\n\r\nတချို့သူတွေကြောင့် ယွန်းနာကျင်ခဲ့ရသလို\r\n\r\nယွန်းကြောင့်လည်း နာကျင်သွားရတဲ့သူတွေရှိမှာပဲ\r\n\r\nအမှားက လူတိုင်းဖြစ်တက်တာပဲ\r\n\r\nအဓိကကတစ်ယောက်နဲ့ တစ်ယောက်ခွင့်လွှတ်ရင်း နေသွားကြဖို့ပါပဲ…။\r\n\r\nဒီစာအုပ်ထဲမှာ  ဇာတ်ကောင်အမျိုးသမီးလေးရဲ့ ငယ်ဘ၀တွေ့ကြုံဖြတ်သန်းရမှုတွေ၊\r\nမိသားစုဝင်တွေရဲ့ လျစ်လျူရှုမှုတွေ၊သူငယ်ချင်းတွေရဲ့ အနိုင်ကျင့်မှုတွေနဲ့ ကျောင်းမှာ\r\nကြုံရတဲ့ အခက်အခဲတွေ အကြောင်းကို အတော်ရှည်ရှည် ရေးဖွဲ့ဖြစ်ခဲ့ပါတယ်။\r\nဇာတ်ကောင် အမျိုးသမီးလေးဟာ  ကိုယ့်ကိုယ်ကိုယ်နာကျင်အောင် လုပ်တက်တာ၊\r\nကိုယ့်ကိုယ်ကိုယ်ပဲ အပြစ်ပုံချတက်တာ၊ ကြိုက်တဲ့ အရာနဲ့မကြိုက်တဲ့ အရာတွေကို\r\nပွင့်ပွင့်လင်းလင်း မဖော်ပြတက်တာ၊ ခံစားချက်တွေကို မျိုသိပ်ထားတက်တာ၊ \r\nသူစိမ်းတွေအပေါ်မှာ မေတ္တာ ကရုဏာထားနိုင်သလောက် ကိုယ်ကိုယ်တိုင်အပေါ်ကျ\r\nမချစ်တက်တာတွေက CEN ထဲက လက္ခဏာတချို့ကို ကိုးကားပြီးရေးဖွဲ့ထားပါတယ်…။',5,12,183,'5.6x0.6x10','nyiTwaechin.png',100,'chanHtar.pdf',0,'17/06/2022','myat kaung khant','17/06/2022','Myat Kaung Khant'),(38,'နေကြာပန်းလေးတစ်ပွင့်လိုပြုံးပါ',2000,NULL,59,NULL,'နေကြာပန်းလေးတစ်ပွင့်လိုပြုံးပါ စာအုပ်မှာလည်း စာဖတ်ခြင်းကြောင့်ရလာတဲ့ အသိဉာဏ်ပညာက မည်သည့်အရာနှင့်မျှ လဲလှယ်လို့မရတဲ့အရာဖြစ်ကြောင်း၊ ဂျာမနီရဲ့ ထုတ်ကုန်များက သိပ္ပံနှင့် နည်းပညာမှလာပြီး အဲ့ဒီနည်းပညာကလည်း စာဖတ်ခြင်းကြောင့်ဖြစ်ကြောင်း၊ စာဖတ်ဒဏ် ကြောင့် ဘဝမှာ တိုးတက်မှုရရှိခဲ့ကြောင်း စတဲ့ စာဖတ်ခြင်းကြောင့်ရရှိတဲ့ အကျိုးကျေးဇူးတွေကို စာဖတ်သူတို့ တိုက်ရိုက်ထိတွေ့ ခံစားနိုင်အောင် စာရေးဆရာမ နိုင်းနိုင်းစနေက ကောင်းနိုးရာရာများကို ဘာသာပြန်ရေးသားထားတဲ့အတွက် စာဖတ်သူတို့ကို ဗဟုသုတလွင်ပြင်ကျယ်ဆီသို့ ပို့ဆောင်ပေးနိုင်လိမ့်မည် ဖြစ်ပါကြောင်း…..',7,10,160,'5.6x0.6x8','naykyar.png',100,'နိုင်းနိုင်းစနေ - နေကြာပန်းလေး တစ်ပွင့်လိုပြုံးပါ.pdf',0,'17/06/2022','myat kaung khant',NULL,NULL),(39,'ကံကောင်းခြင်းတံခါးလာခေါက်တဲ့အခါ',2000,NULL,59,NULL,'” ဒီစာအုပ်ကိုဖတ်ရင် တကယ်ကံကောင်းမလားလို့မေးစရာရှိတယ်။ ဒီစာအုပ်ကိုဖတ်ရင် အနည်းဆုံးတော့ “တကယ်ကံကောင်းစေမယ့် အကြောင်းတရားတွေ” ကိုတော့သိသွားမှာ မုချပဲ။ တကယ့်ကို ကံကောင်းချင်ရင်တော့ ဒီစာအုပ်ကပြောတဲ့ “ကံကောင်းခြင်း”ဆိုတဲ့ အဓိပ္ပာယ်ဖွင့်ဆိုချက်ကို သဘောပေါက်နားလည်ပြီးလိုက်နာကျင့်သုံးခြင်းဖြင့် “ကံကောင်းခြင်း”ကို လက်ဝယ်ဆုပ်ကိုင်ရရှိနိုင်မှာဖြစ်ပါတယ်။”\r\nစာအုပ်အမှာစာလေးမှကောက်နှုတ်ဖော်ပြပေးလိုက်ပါတယ်။\r\nဆရာမနိုင်းနိုင်းစနေဟာ စိတ်ခွန်အားကိုဖြစ်ပေါ်စေတဲ့ စာစုတွေကို ရှာဖွေဖော်ထုတ်ပေးသူဖြစ်သည့်အလျောက် ယခုစာအုပ်တွင် ” ကံတရားကို ယုံကြည်သူနှင့် ကံကောင်းခြင်းကို ယုံကြည်သူ သူငယ်ချင်းနှစ်ယောက်အကြောင်း” ကို စိတ်ဝင်စားဖွယ်ပုံပြင်နှင့် ဖော်ပြထားပါတယ်။\r\n',7,10,104,'5.2x0.3x8','kankaung.png',100,'နိုင်းနိုင်းစနေ - ကံကောင်းခြင်း တံခါးလာခေါက်တဲ့အခါ.pdf',0,'17/06/2022','myat kaung khant',NULL,NULL),(40,'လျှို့ဝှက်တဲ့သန်းကြွယ်သူဌေးနှင့် အခြားပျော်ရွှင်ဖွယ်စာစုများ',2000,NULL,59,NULL,'-ဝတ္တုတိုပေါင်း 40ကျော်ပါဝင်ပြီး ကမ္ဘာ့သုတဘဏ်ကြီးက ကောင်းကောင်းနိုးရာရာ ထုတ်နုတ်ထားတဲ့ “လျို့ဝှက်တဲ့ သန်းကြွယ်သူဌေး”ဘာသာပြန်ဆိုနှင့် အခြားစာစုများကို ဖတ်လိုက်ရင် ကမ္ဘာကြီးကိုကိုယ်ဆတိုင်မလှည့်ရပဲ ဗဟုသုတတွေရမှာ သေချာပါတယ်လို့ စာအုပ်လေး အမှာစာမှယ ဖော်ပြထားပါတယ်။\r\n-စိတ်အားတက်ဖွယ်ရာ၊ဗဟုသုတဖြစ်ဖွယ်ရာ၊ လူဖြစ်ရကျိုးနပ်စေတဲ့ ပျော်ရွှင်စရာလေးတွေပါဝင်ပြီး စာဖတ်သူရဲ့ ဘဝနှင့် ခံယူချက်ကို ပြောင်းလဲသွားစေမယ့်သုတများကို ယခုစာအုပ်လေးထဲတွင် တွေ့ရှိနိုင်ပါတယ်။\r\n-နေ့စဉ်တာဝန်ဝတ္တရားတွေဖြစ်သည့် အလုပ်သံသရာတွေထဲမှာ လာ်နေရင်း ငြီးငွေ့လာတဲ့အခါခဏတစ်ဖြုတ် ကောက်ဖတ်လိုက်ရုံနဲ့ငြီးငွေ့နေတယ့် စိတ်ဖိစီးမှုတွေ ပြေပျောက်သွားစေမည့် စာအုပ်ကောင်းလေးဖြစ်ပါတယ်။\r\n',7,10,190,'5.6x0.6x9.8','Thankywal.png',100,'4-သတၱိရွိတဲ့ပထမေျခလွမ္း.pdf',0,'17/06/2022','myat kaung khant',NULL,NULL),(41,'သတ္တိရှိတဲ့ပထမခြေလှမ်း',2000,NULL,59,NULL,'ယခုစာအုပ်သည် သူလိုငါလိုနေ့စဉ်ကြုံတွေ့နေရသော ဘ၀ဇာတ်လမ်းစုံမှ “မသိသူကျော်လွှား၊သိသူဖော်စား” ထားသည့်ဘ၀သင်ခန်းစားများ၊ အတွေးအမြင်များ၊ ပျော်ရွှင်စရာများ၊ စိတ်အားတက်ကြွဖွယ်ရာ ဘ၀သတ္တိများ၊ လူတစ်ဦးချင်းစီ၏ ပင်ကိုယ်အရည်အသွေးများကို ပျော်ရွှင်ကြည်နူးဖွယ်ရာများကို စုစည်းဖော်ထုတ်တင်ပြထားသော ဒဿန။ရသ၊ပျော်စရာအတွေးအမြင်စာပေါင်းစုဖြစ်သည်။\r\n',7,10,212,'5.2x0.5x8.2','Thatti-Shi-Tae.png',100,'4-သတၱိရွိတဲ့ပထမေျခလွမ္း.pdf',0,'17/06/2022','myat kaung khant',NULL,NULL),(42,'ချေဂွေဗားရား',4500,NULL,56,NULL,'ပြည်သူတွေ သူတို့လွတ်မြောက်ရေးအတွက် တိုက်ပွဲဝင်တဲ့အခါ ကျူပ်တို့ဟာ သူတို့ကို စိတ်ဓာတ်အာဖြင့် ကူညီနေလို့ မပြီးသေးဘူး။\r\nသူတို့ကို စစ်ရေးအရ အတွေ့အကြုံကြွယ်၀လာအောင် သင်ကြားပေးရမယ်။ ဒါမှလည်း လွတ်မြောက်ရေးတိုက်ပွဲတွေ ဆင်နွှဲအောင်မြင်နိုင်လိမ့်မယ်။\r\n',8,2,224,'5.6x0.4x8.3','Che-Guevara-1.png',100,'book1.pdf',0,'17/06/2022','myat kaung khant',NULL,NULL),(43,'ကမ္ဘာ့ကရုဏာရှင်မိခင် မာသာထရီဆာ',3500,NULL,56,NULL,'မာသာထရီဆာ  (Saint Teresa ကာလကတ္တားမြို့မှ စိန့်ထရီဆာ) သည် အယ်ဘေးနီးယားလူမျိုးတစ်ဦးဖြစ်ပြီး\r\nယခင် ယူဂိုဆလာဗီးယားနိုင်ငံ၊ စကောပီယေမြို့တွင် ၁၉၁၀ ခုနှစ်၊ ဩဂုတ်လ (၂၆) ရက်နေ့က မွေးဖွားသည်။ \r\nအိန္ဒိယနိုင်ငံသား ကက်သလစ် ခရစ်ယာန်သီလရှင်တစ်ပါးဖြစ်သည်။ အသက် (၁၈) နှစ်အရွယ်တွင်  ဘာသာရေးဟောပြောပွဲများ\r\nတက်ရောက်ခဲ့ရာမှ ခရစ်ယာန်ဘာသာသို့ အပြီးအပိုင်ဝင်ရောက်ကာ သာသနာအကျိုးပြုလုပ်ငန်းများတွင် ဇောက်ချထမ်းဆောင်တော့သည်။\r\n၁၉၅၀ တွင် ကာလကတ္တားမြို့၌ သာသနာပြုအသင်းကို ထူထောင်ခဲ့သည်။  ၄၅ နှစ်တာကာလအတွင်း မိဘမဲ့ကလေးများ၊ ဆင်းရဲနွမ်းပါးသူများ၊\r\nနာမကျန်းသူများအား ကြည့်ရှုစောင့်ရှောက်ခဲ့သလို သာသနာပြုအသင်း တိုးချဲ့နိုင်ရေးအတွက် ဦးစီးဦးဆောင်ပြုခဲ့သည်။ သူမကွယ်လွန်ပြီးနောက်\r\nပုပ်ရဟန်းမင်းကြီး ဂျွန်ပေါ(၂) က Blessed Teresa of Calcutta ဘွဲ့ကို အပ်နှင်းခဲ့သည်။ အိန္ဒိယအစိုးရက မာသာထရီဆာ၏\r\nအသုဘအခမ်းအနားအား နိုင်ငံတော်ဈာပနအဆင့်ဖြင့် ကျင်းပခဲ့ပြီး နိင်ငံများစွာတို့မှ အကြီးအကဲများလာရောက်ခဲ့ကြပြီး ဝမ်းနည်းကြောင်း\r\nဖော်ထုတ်ပြောကြားခဲ့သည်။ သူမ၏ ပရဟိတလုပ်ဆောင်မှုများကြောင့် ၁၉၇၉ ခုနှစ်တွင် ငြိမ်းချမ်းရေးနိုဘယ်ဆုကို ပေးအပ်ချီးမြှင့်ခြင်းခံခဲ့ရသည်။\r\n',8,2,144,'5.2x0.5x8.2','Mother-Treasa.png',100,'book1.pdf',0,'17/06/2022','myat kaung khant',NULL,NULL),(44,'အဲလ်ဘတ်အိုင်းစတိုင်း',3500,NULL,56,NULL,'၂၀ ရာစုတွင် ရူပဗေဒပညာရပ်ကို လုံးဝပြောင်းလဲသွားစေခဲ့သော သိပ္ပံပညာရှင်တစ်ဦးဖြစ်လာမည့်\r\nအဲလ်ဘတ်အိုင်းစတိုင်းကို ၁၈၇၉ ခုနှစ် မတ်လ ၁၄ ရက်နေ့ တွင် ဂျာမနီနိုင်ငံ အမ်းမြို့တွင် မွေးဖွားခဲ့ပါသည်။\r\nငယ်စဉ်က ကျောင်းစာသင်ကြားမှုတွင် ပျော်ရွှင်ထူးချွန်မှု မရှိခဲ့သော်လည်း သီအိုရီသဘောတရားဆိုင်ရာ သိပ္ပံပညာရှင်အဖြစ်\r\nသူ၏ကြီးမြတ်သောပါရမီကို သက်သေပြခဲ့သည်။ ၁၉၀၅ ခုနှစ်တွင် တင်ပြခဲ့သော နှိုင်းရသီအိုရီ(Relativity Theory) မှာ\r\nအကျော်ကြားဆုံးဖြစ်ပြီး ၁၉၂၁ ခုနှစ်တွင် အလင်းလျှပ်စစ်အကျိုးဖော်ထုတ်တွေ့ရှိမှုအတွက် နိုဘယ်လ်ဆု ချီးမြှင့်ခံခဲ့ရသည်။\r\nအဏုမြူဗုံးထုတ်လုပ်နည်းသည် အိုင်းစတိုင်း၏ ကမ္ဘာကျော်ညီမျှခြင်းဖြစ်သည့် E= mc2 ဆိုသည့် ဒြပ်ထုစွမ်းအင်တူညီခြင်း\r\nနိယာမတရားပင်ဖြစ်သည်။ ယနေ့ခေတ်သုံး လေဆာများ၊ တယ်လီဗေးရှင်း၊ ကွန်ပျူတာများ၊ အာကာသခရီးသွားလာမှုများနှင့် များစွာသော\r\nအခြားအရာများသည် အိုင်းစတိုင်း၏ သီအိုရီမှတဆင့် တိုးတက်ဖွံံဖြိုးလာခဲ့ပြီး ရူပဗေဒပညာရပ်၏ ဘာသာရပ်ခွဲအားလုံးနီးပါးပြောင်းလဲခဲ့ကြသည်။',8,2,199,'5.6x0.6x8.2','Einestine.png',100,'book1.pdf',0,'17/06/2022','myat kaung khant',NULL,NULL),(45,'မာတင်လူသာကင်း',2500,NULL,56,NULL,'ကျွန်တော့်မှာ အိပ်မက်တစ်ခုရှိတယ်။\r\nလူ့အရေပြား အသားရောင်ဖြူခြင်း မည်းခြင်းပေါ်မှာ ခွဲခြားဆက်ဆံတာမျိုးမလုပ်ဘဲ\r\nကိုယ်ကျင့်တရားပေါ် အခြေခံဆက်ဆံတဲ့နိုင်ငံတစ်ခုမှာ ကျွန်တော့်သားသမီးလေးဦးလုံး တစ်နေ့တော့ နေထိုင်နိုင်ကြရလိမ့်မယ်။',8,2,135,'5.2x0.3x8.3','Martin-luther.png',100,'book1.pdf',0,'17/06/2022','myat kaung khant',NULL,NULL),(46,'နိဗ္ဗာန်',2500,NULL,56,NULL,'စာအုပ် ​ဖော်ပြမှု မရှိပါ။',9,1,147,'5.6x0.3x8.3','nait_ban.png',100,'nait_ban.pdf',0,'17/06/2022','myat kaung khant',NULL,NULL),(47,'ဗုဒ္ဓဒိုင်ယာရီ',2300,NULL,56,NULL,'ဤစာအုပ်သည် ဗုဒ္ဓဝင်စာအုပ်နှင့်မတူသော ဗုဒ္ဓဝင်စာအုပ်ဖြစ်သည်။\r\nထူးခြားချက်မှာ ဗုဒ္ဓကိုယ်တော်တိုင်က မိမိ၏အကြောင်းကို ဒိုင်ယာရီမှတ်တမ်းသဖွယ်\r\nတင်ပြသွားသည့် ပုံစံမျိုးဖြင့် ရေးသားထားခြင်းဖြစ်သည်။ စာအုပ်ထဲတွင် ဗုဒ္ဓနှင့် ပက်သက်သော\r\nရဲရင့်သောအတွေး၊ သဘာ၀ကျသော အယူအဆ၊ ဆန်းသစ်သောအမြင်၊ တောက်ပြောင်သော\r\nစကားလုံး၊ တော်လှန်ရေးကျသော အဓိပ္ပာယ်များ ပါဝင်ပါသည်။\r\n',9,1,180,'5.2x0.5x8.3','buddha_diary.png',100,'buddha_diary.pdf',0,'17/06/2022','myat kaung khant',NULL,NULL),(48,'ပုဂံခရီးသည်',5000,NULL,56,NULL,'စာအုပ် ​ဖော်ပြမှု မရှိပါ။',9,1,338,'5.6x0.6x10','bagan.png',100,'bagan.pdf',0,'17/06/2022','myat kaung khant',NULL,NULL),(49,'ဖော်မဲ့ဟင်္သာ',2500,NULL,56,NULL,'စာအုပ် ​ဖော်ပြမှု မရှိပါ။',9,1,173,'5.2x0.4x10','phawMaeHinThar.png',100,'phawMaeHinThar.pdf',0,'17/06/2022','myat kaung khant',NULL,NULL);
/*!40000 ALTER TABLE `book_m` ENABLE KEYS */;
UNLOCK TABLES;

--
-- Table structure for table `cart`
--

DROP TABLE IF EXISTS `cart`;
/*!40101 SET @saved_cs_client     = @@character_set_client */;
/*!40101 SET character_set_client = utf8 */;
CREATE TABLE `cart` (
  `cart_id` int(11) NOT NULL AUTO_INCREMENT,
  `customer_id` int(11) NOT NULL,
  `book_id` int(11) NOT NULL,
  `quantity` int(11) NOT NULL,
  `del_flg` int(11) NOT NULL,
  `created_date` varchar(10) NOT NULL,
  `created_by` varchar(256) NOT NULL,
  `updated_date` varchar(10) NOT NULL,
  `updated_by` varchar(256) NOT NULL,
  PRIMARY KEY (`cart_id`)
) ENGINE=InnoDB AUTO_INCREMENT=22 DEFAULT CHARSET=utf8mb4;
/*!40101 SET character_set_client = @saved_cs_client */;

--
-- Dumping data for table `cart`
--

LOCK TABLES `cart` WRITE;
/*!40000 ALTER TABLE `cart` DISABLE KEYS */;
INSERT INTO `cart` VALUES (1,2,10,2,1,'12/06/2022','KaungKaung','12/06/2022','KaungKaung'),(2,3,10,2,0,'12/06/2022','KaungKaung','',''),(3,4,1,1,1,'14/06/2022','KaungKaung','15/06/2022','KaungKaung'),(4,4,5,1,1,'14/06/2022','KaungKaung','15/06/2022','KaungKaung'),(5,4,8,1,1,'15/06/2022','KaungKaung','15/06/2022','KaungKaung'),(6,4,2,1,1,'15/06/2022','KaungKaung','15/06/2022','KaungKaung'),(7,4,8,1,1,'15/06/2022','KaungKaung','15/06/2022','KaungKaung'),(8,4,1,1,1,'15/06/2022','KaungKaung','15/06/2022','KaungKaung'),(9,4,9,1,1,'15/06/2022','KaungKaung','15/06/2022','KaungKaung'),(10,4,3,1,1,'15/06/2022','KaungKaung','15/06/2022','KaungKaung'),(11,4,4,1,1,'15/06/2022','KaungKaung','15/06/2022','KaungKaung'),(12,4,4,1,1,'15/06/2022','KaungKaung','15/06/2022','KaungKaung'),(13,4,6,1,1,'15/06/2022','KaungKaung','15/06/2022','KaungKaung'),(14,4,8,1,1,'15/06/2022','KaungKaung','15/06/2022','KaungKaung'),(15,4,10,1,1,'15/06/2022','KaungKaung','15/06/2022','KaungKaung'),(16,4,10,1,1,'15/06/2022','KaungKaung','15/06/2022','KaungKaung'),(17,4,11,1,1,'15/06/2022','KaungKaung','15/06/2022','KaungKaung'),(18,4,11,1,1,'15/06/2022','KaungKaung','15/06/2022','KaungKaung'),(19,4,1,1,1,'15/06/2022','KaungKaung','15/06/2022','KaungKaung'),(20,4,19,1,1,'17/06/2022','KaungKaung','17/06/2022','KaungKaung'),(21,4,15,1,0,'17/06/2022','KaungKaung','','');
/*!40000 ALTER TABLE `cart` ENABLE KEYS */;
UNLOCK TABLES;

--
-- Table structure for table `category`
--

DROP TABLE IF EXISTS `category`;
/*!40101 SET @saved_cs_client     = @@character_set_client */;
/*!40101 SET character_set_client = utf8 */;
CREATE TABLE `category` (
  `category_id` int(11) NOT NULL AUTO_INCREMENT COMMENT 'Table''s id',
  `category_image` varchar(256) DEFAULT NULL,
  `category_name` varchar(256) NOT NULL COMMENT 'Category''s name',
  `del_flg` int(11) NOT NULL COMMENT 'Delete flag',
  `created_date` varchar(10) NOT NULL COMMENT 'Date this table was created',
  `created_by` varchar(256) NOT NULL COMMENT 'Name this table was created',
  `updated_date` varchar(10) DEFAULT NULL COMMENT 'Date this table was updated',
  `updated_by` varchar(256) DEFAULT NULL COMMENT 'Name this table was updated',
  PRIMARY KEY (`category_id`)
) ENGINE=InnoDB AUTO_INCREMENT=11 DEFAULT CHARSET=utf8mb4;
/*!40101 SET character_set_client = @saved_cs_client */;

--
-- Dumping data for table `category`
--

LOCK TABLES `category` WRITE;
/*!40000 ALTER TABLE `category` DISABLE KEYS */;
INSERT INTO `category` VALUES (1,'category1.webp','ရုပ်ပြ',0,'6/5/2022','Myat Kaung Khant','NULL','NULL'),(2,'category3.webp','ဝတ္ထု',0,'6/5/2022','Myat Kaung Khant','NULL','NULL'),(3,'category4.webp','ကျန်းမာရေး',0,'6/5/2022','myat kaung khant',NULL,NULL),(4,'category2.webp','နိုင်ငံရေး',0,'6/5/2022','myat kaung khant',NULL,NULL),(5,NULL,'ကဗျာ',0,'6/5/2022','myat kaung khant',NULL,NULL),(6,NULL,'ဘာသာစကား',0,'6/5/2022','myat kaung khant',NULL,NULL),(7,NULL,'တတ်ကျမ်း',0,'6/5/2022','myat kaung khant',NULL,NULL),(8,NULL,'အတ္ထုပတ္တိ',0,'6/5/2022','myat kaung khant',NULL,NULL),(9,NULL,'အခြား',0,'6/5/2022','myat kaung khant',NULL,NULL);
/*!40000 ALTER TABLE `category` ENABLE KEYS */;
UNLOCK TABLES;

--
-- Table structure for table `contact_us`
--

DROP TABLE IF EXISTS `contact_us`;
/*!40101 SET @saved_cs_client     = @@character_set_client */;
/*!40101 SET character_set_client = utf8 */;
CREATE TABLE `contact_us` (
  `contact_id` int(11) NOT NULL AUTO_INCREMENT COMMENT 'contact''s id',
  `username` varchar(256) NOT NULL COMMENT 'user''s name',
  `phone` int(20) NOT NULL COMMENT 'user''s phone',
  `contact` varchar(256) NOT NULL COMMENT 'user''s contact',
  `del_flg` int(11) NOT NULL COMMENT 'delete flag',
  `created_date` varchar(10) NOT NULL COMMENT 'date this table was created',
  `created_by` varchar(256) NOT NULL COMMENT 'name this table was created',
  `updated_date` varchar(10) DEFAULT NULL COMMENT 'date this table was updated',
  `updated_by` varchar(256) DEFAULT NULL COMMENT 'name this table was updated',
  PRIMARY KEY (`contact_id`)
) ENGINE=InnoDB AUTO_INCREMENT=4 DEFAULT CHARSET=utf8mb4;
/*!40101 SET character_set_client = @saved_cs_client */;

--
-- Dumping data for table `contact_us`
--

LOCK TABLES `contact_us` WRITE;
/*!40000 ALTER TABLE `contact_us` DISABLE KEYS */;
INSERT INTO `contact_us` VALUES (1,'Aung Aung',912345678,'This is good ',0,'6/7/2022','Myat Kaung Khant','',''),(2,'Kyaw Kyaw',912345678,'This is good ',0,'6/7/2022','Myat Kaung Khant','',''),(3,'myat kaung khant',912345678,'loream',0,'12/06/2022','KaungKaung',NULL,NULL);
/*!40000 ALTER TABLE `contact_us` ENABLE KEYS */;
UNLOCK TABLES;

--
-- Table structure for table `customer`
--

DROP TABLE IF EXISTS `customer`;
/*!40101 SET @saved_cs_client     = @@character_set_client */;
/*!40101 SET character_set_client = utf8 */;
CREATE TABLE `customer` (
  `customer_id` int(11) NOT NULL AUTO_INCREMENT COMMENT 'Table''s id',
  `customer_name` varchar(256) NOT NULL COMMENT 'Customer''s name',
  `customer_phno` varchar(256) NOT NULL COMMENT 'Customer''s phone no',
  `customer_email` varchar(256) NOT NULL COMMENT 'Customer''s email',
  `customer_password` varchar(128) NOT NULL COMMENT 'Customer''s password',
  `customer_profileImg` varchar(256) DEFAULT NULL COMMENT 'Customer''s profileImg',
  `valid` int(11) NOT NULL COMMENT 'user? Ban?',
  `del_flg` int(11) NOT NULL COMMENT 'Delete flag',
  `created_date` varchar(10) NOT NULL COMMENT 'Date this table was created',
  `created_by` varchar(256) NOT NULL COMMENT 'Name this table was created',
  `updated_date` varchar(11) DEFAULT NULL COMMENT 'Date this table was updated',
  `updated_by` varchar(256) DEFAULT NULL COMMENT 'Name this table was updated',
  PRIMARY KEY (`customer_id`)
) ENGINE=InnoDB AUTO_INCREMENT=5 DEFAULT CHARSET=utf8mb4;
/*!40101 SET character_set_client = @saved_cs_client */;

--
-- Dumping data for table `customer`
--

LOCK TABLES `customer` WRITE;
/*!40000 ALTER TABLE `customer` DISABLE KEYS */;
INSERT INTO `customer` VALUES (1,'aung aung','09123456789','aung@gmail.com','','delivery.png',1,0,'6/5/2022','Myat Kaung Khant',NULL,NULL),(2,'kyaw kyaw','09123456789','aung@gmail.com','',NULL,0,0,'6/5/2022','Myat Kaung Khant',NULL,NULL),(3,'myat kaung khant','0912345678','kaki@gmail.com','550e1bafe077ff0b0b67f4e32f29d751','delivery.png',0,0,'06/12/2022','KaungKaung','12/06/2022','KaungKaung'),(4,'myat kaung','0912345678','myat@gmail.com','550e1bafe077ff0b0b67f4e32f29d751','../resource/customerimg/nunuyi.webp',0,0,'06/13/2022','KaungKaung','17/06/2022','KaungKaung');
/*!40000 ALTER TABLE `customer` ENABLE KEYS */;
UNLOCK TABLES;

--
-- Table structure for table `delivery`
--

DROP TABLE IF EXISTS `delivery`;
/*!40101 SET @saved_cs_client     = @@character_set_client */;
/*!40101 SET character_set_client = utf8 */;
CREATE TABLE `delivery` (
  `delivery_id` int(11) NOT NULL AUTO_INCREMENT COMMENT 'Table''s id',
  `state_id` varchar(256) NOT NULL COMMENT 'State''s id',
  `township_id` varchar(256) NOT NULL COMMENT 'Township''s id',
  `delivery_fee` int(11) NOT NULL COMMENT 'one line deli fee',
  `del_flg` int(11) NOT NULL COMMENT 'Delete flag',
  `created_date` varchar(10) NOT NULL COMMENT 'Date this table was created',
  `created_by` varchar(256) NOT NULL COMMENT 'Name this table was created',
  `updated_date` varchar(11) DEFAULT NULL COMMENT 'Date this table was updated',
  `updated_by` varchar(256) DEFAULT NULL COMMENT 'Name this table was updated',
  PRIMARY KEY (`delivery_id`)
) ENGINE=InnoDB AUTO_INCREMENT=29 DEFAULT CHARSET=utf8mb4;
/*!40101 SET character_set_client = @saved_cs_client */;

--
-- Dumping data for table `delivery`
--

LOCK TABLES `delivery` WRITE;
/*!40000 ALTER TABLE `delivery` DISABLE KEYS */;
INSERT INTO `delivery` VALUES (1,'12','1',1200,0,'12/06/2022','myat kaung khant','17/06/2022','myat kaung khant'),(2,'12','2',1200,0,'12/06/2022','myat kaung khant','17/06/2022','myat kaung khant'),(3,'12','3',1500,0,'12/06/2022','myat kaung khant','17/06/2022','myat kaung khant'),(4,'12','51',1500,0,'17/06/2022','myat kaung khant',NULL,NULL),(5,'12','50',2000,0,'17/06/2022','myat kaung khant',NULL,NULL),(6,'9','4',3000,0,'17/06/2022','myat kaung khant',NULL,NULL),(7,'9','5',3000,0,'17/06/2022','myat kaung khant',NULL,NULL),(8,'9','82',3200,0,'17/06/2022','myat kaung khant',NULL,NULL),(9,'9','83',3500,0,'17/06/2022','myat kaung khant',NULL,NULL),(10,'9','84',3200,0,'17/06/2022','myat kaung khant',NULL,NULL),(11,'5','36',3500,0,'17/06/2022','myat kaung khant',NULL,NULL),(12,'5','107',3500,0,'17/06/2022','myat kaung khant',NULL,NULL),(13,'14','6',3500,0,'17/06/2022','myat kaung khant',NULL,NULL),(14,'14','7',3000,0,'17/06/2022','myat kaung khant',NULL,NULL),(15,'14','9',3000,0,'17/06/2022','myat kaung khant',NULL,NULL),(16,'14','14',3000,0,'17/06/2022','myat kaung khant',NULL,NULL),(28,'14','21',3500,0,'17/06/2022','myat kaung khant',NULL,NULL);
/*!40000 ALTER TABLE `delivery` ENABLE KEYS */;
UNLOCK TABLES;

--
-- Table structure for table `faq`
--

DROP TABLE IF EXISTS `faq`;
/*!40101 SET @saved_cs_client     = @@character_set_client */;
/*!40101 SET character_set_client = utf8 */;
CREATE TABLE `faq` (
  `faq_id` int(11) NOT NULL AUTO_INCREMENT COMMENT 'Table''s id',
  `question` varchar(256) NOT NULL,
  `answer` varchar(256) NOT NULL,
  `order` int(11) NOT NULL COMMENT 'order''s id',
  `del_flg` int(11) NOT NULL COMMENT 'Delete flag',
  `created_date` varchar(10) NOT NULL COMMENT 'Date this table was created',
  `created_by` varchar(256) NOT NULL COMMENT 'Name this table was created',
  `updated_date` varchar(11) DEFAULT NULL COMMENT 'Date this table was updated',
  `updated_by` varchar(256) DEFAULT NULL COMMENT 'Name this table was updated',
  PRIMARY KEY (`faq_id`)
) ENGINE=InnoDB AUTO_INCREMENT=12 DEFAULT CHARSET=utf8mb4;
/*!40101 SET character_set_client = @saved_cs_client */;

--
-- Dumping data for table `faq`
--

LOCK TABLES `faq` WRITE;
/*!40000 ALTER TABLE `faq` DISABLE KEYS */;
INSERT INTO `faq` VALUES (4,'အွန်လိုင်းမှာ ဘယ်လို စာရင်းသွင်းရမလဲ။','Lorem ipsum dolor sit amet consectetur adipisicing elit. Numquam illo deleniti eaque, voluptas quasi enim in reiciendis dignissimos tempore perferendis qui, delectus recusandae impedit optio aliquam? Libero cum, iure hic, pariatur minima facere commodi exe',0,0,'6/5/2022','myat kaung khant',NULL,NULL),(5,'ကျွန်ုပ်၏အကောင့်မှ မည်ကဲ့သို့ ထွက်ရမည်နည်း။','Lorem ipsum dolor sit amet consectetur adipisicing elit. Numquam illo deleniti eaque, voluptas quasi enim in reiciendis dignissimos tempore perferendis qui, delectus recusandae impedit optio aliquam? Libero cum, iure hic, pariatur minima facere commodi exe',0,0,'6/5/2022','myat kaung khant',NULL,NULL),(6,'ကျွန်ုပ်၏စာအုပ်များ (သို့မဟုတ်) အော်ဒါများအတွက် ကျွန်ုပ်မည်ကဲ့သို့ပေးချေရမည်နည်း။','Lorem ipsum dolor sit amet consectetur adipisicing elit. Numquam illo deleniti eaque, voluptas quasi enim in reiciendis dignissimos tempore perferendis qui, delectus recusandae impedit optio aliquam? Libero cum, iure hic, pariatur minima facere commodi exe',0,0,'6/5/2022','myat kaung khant',NULL,NULL),(7,'ဘယ်နေရာတွေကို ပို့ပေးပါသလဲ။','Lorem ipsum dolor sit amet consectetur adipisicing elit. Numquam illo deleniti eaque, voluptas quasi enim in reiciendis dignissimos tempore perferendis qui, delectus recusandae impedit optio aliquam? Libero cum, iure hic, pariatur minima facere commodi exe',0,0,'6/5/2022','myat kaung khant',NULL,NULL),(8,'ကျွန်ုပ်၏ စာရင်းသွင်းထားသော အီးမေးလ်လိပ်စာကို မည်သို့ရှာဖွေရမည်နည်း။','Lorem ipsum dolor sit amet consectetur adipisicing elit. Numquam illo deleniti eaque, voluptas quasi enim in reiciendis dignissimos tempore perferendis qui, delectus recusandae impedit optio aliquam? Libero cum, iure hic, pariatur minima facere commodi exe',0,0,'6/5/2022','myat kaung khant',NULL,NULL),(9,'ကျွန်ုပ်၏အော်ဒါမရရှိမီ အချိန်မည်မျှကြာမည်နည်း။','Lorem ipsum dolor sit amet consectetur adipisicing elit. Numquam illo deleniti eaque, voluptas quasi enim in reiciendis dignissimos tempore perferendis qui, delectus recusandae impedit optio aliquam? Libero cum, iure hic, pariatur minima facere commodi exe',0,0,'6/5/2022','myat kaung khant',NULL,NULL),(10,'ကျွန်ုပ်၏လုပ်ငန်းခွင်ကို ပို့ပေးနိုင်မလား။','Lorem ipsum dolor sit amet consectetur adipisicing elit. Numquam illo deleniti eaque, voluptas quasi enim in reiciendis dignissimos tempore perferendis qui, delectus recusandae impedit optio aliquam? Libero cum, iure hic, pariatur minima facere commodi exe',0,0,'6/5/2022','myat kaung khant',NULL,NULL),(11,'ကျွန်ုပ်၏အော်ဒါဘာလို့မလာသေးတာလဲ။','Lorem ipsum dolor sit amet consectetur adipisicing elit. Numquam illo deleniti eaque, voluptas quasi enim in reiciendis dignissimos tempore perferendis qui, delectus recusandae impedit optio aliquam? Libero cum, iure hic, pariatur minima facere commodi exe',0,0,'6/5/2022','myat kaung khant',NULL,NULL);
/*!40000 ALTER TABLE `faq` ENABLE KEYS */;
UNLOCK TABLES;

--
-- Table structure for table `home_master`
--

DROP TABLE IF EXISTS `home_master`;
/*!40101 SET @saved_cs_client     = @@character_set_client */;
/*!40101 SET character_set_client = utf8 */;
CREATE TABLE `home_master` (
  `home_id` int(11) NOT NULL AUTO_INCREMENT COMMENT 'homescreen''s id',
  `logo` varchar(256) NOT NULL COMMENT 'shop''s logo',
  `icon` varchar(256) NOT NULL COMMENT 'shop''s icon',
  `name` varchar(256) NOT NULL COMMENT 'shop''s name',
  `del_flg` int(11) NOT NULL COMMENT 'delete flag',
  `created_date` varchar(10) NOT NULL COMMENT 'date this table was created',
  `created_by` varchar(256) NOT NULL COMMENT 'name this table was created',
  `updated_date` varchar(10) NOT NULL COMMENT 'date this table was updated',
  `updated_by` varchar(256) NOT NULL COMMENT 'name this table was updated',
  PRIMARY KEY (`home_id`)
) ENGINE=InnoDB AUTO_INCREMENT=4 DEFAULT CHARSET=utf8mb4;
/*!40101 SET character_set_client = @saved_cs_client */;

--
-- Dumping data for table `home_master`
--

LOCK TABLES `home_master` WRITE;
/*!40000 ALTER TABLE `home_master` DISABLE KEYS */;
INSERT INTO `home_master` VALUES (3,'','logo.png','',0,'18/06/2022','myat kaung khant','','');
/*!40000 ALTER TABLE `home_master` ENABLE KEYS */;
UNLOCK TABLES;

--
-- Table structure for table `login`
--

DROP TABLE IF EXISTS `login`;
/*!40101 SET @saved_cs_client     = @@character_set_client */;
/*!40101 SET character_set_client = utf8 */;
CREATE TABLE `login` (
  `login_id` int(11) NOT NULL AUTO_INCREMENT COMMENT 'Table''s id',
  `customer_id` int(11) NOT NULL COMMENT 'Customer''s id',
  `del_flg` int(11) NOT NULL COMMENT 'Delete flag',
  `created_date` varchar(10) NOT NULL COMMENT 'Date this table was created',
  `created_by` varchar(256) NOT NULL COMMENT 'Name this table was created',
  `updated_date` varchar(11) DEFAULT NULL COMMENT 'Date this table was updated',
  `updated_by` varchar(256) DEFAULT NULL COMMENT 'Name this table was updated',
  PRIMARY KEY (`login_id`)
) ENGINE=InnoDB DEFAULT CHARSET=utf8mb4;
/*!40101 SET character_set_client = @saved_cs_client */;

--
-- Dumping data for table `login`
--

LOCK TABLES `login` WRITE;
/*!40000 ALTER TABLE `login` DISABLE KEYS */;
/*!40000 ALTER TABLE `login` ENABLE KEYS */;
UNLOCK TABLES;

--
-- Table structure for table `order`
--

DROP TABLE IF EXISTS `order`;
/*!40101 SET @saved_cs_client     = @@character_set_client */;
/*!40101 SET character_set_client = utf8 */;
CREATE TABLE `order` (
  `order_id` int(11) NOT NULL AUTO_INCREMENT COMMENT 'Table''s id',
  `order_number` int(11) NOT NULL,
  `cart_id` int(11) NOT NULL,
  `customer_id` int(11) NOT NULL COMMENT 'Customer''s id',
  `customer_name` varchar(256) DEFAULT NULL,
  `customer_division` varchar(256) NOT NULL COMMENT 'Division or state',
  `customer_town` varchar(256) NOT NULL COMMENT 'Town of the customer',
  `customer_address` varchar(256) NOT NULL COMMENT 'Address of the customer',
  `total_price` int(11) NOT NULL COMMENT 'Total cost for one order',
  `delivery_id` int(11) NOT NULL COMMENT 'Delivery fee of the order',
  `order_quantity` int(11) NOT NULL COMMENT 'the number book per order',
  `order_status` int(11) DEFAULT NULL COMMENT 'pending? complete?',
  `order_date` varchar(10) NOT NULL COMMENT 'the date that user ordered',
  `del_flg` int(11) NOT NULL COMMENT 'Delete flag',
  `created_date` varchar(10) NOT NULL COMMENT 'Date this table was created',
  `created_by` varchar(256) NOT NULL COMMENT 'Name this table was created',
  `updated_date` varchar(11) DEFAULT NULL COMMENT 'Date this table was updated',
  `updated_by` varchar(256) DEFAULT NULL COMMENT 'Name this table was updated',
  PRIMARY KEY (`order_id`)
) ENGINE=InnoDB AUTO_INCREMENT=21 DEFAULT CHARSET=utf8mb4;
/*!40101 SET character_set_client = @saved_cs_client */;

--
-- Dumping data for table `order`
--

LOCK TABLES `order` WRITE;
/*!40000 ALTER TABLE `order` DISABLE KEYS */;
INSERT INTO `order` VALUES (20,417443,20,4,'myat kaung','ဧရာဝတီတိုင်းဒေသကြီး','ပုသိမ်','No.(155) Station Road , Pathein',5000,14,0,0,'2022-06-17',0,'2022-06-17','KaungKaung',NULL,NULL);
/*!40000 ALTER TABLE `order` ENABLE KEYS */;
UNLOCK TABLES;

--
-- Table structure for table `privacy_policy`
--

DROP TABLE IF EXISTS `privacy_policy`;
/*!40101 SET @saved_cs_client     = @@character_set_client */;
/*!40101 SET character_set_client = utf8 */;
CREATE TABLE `privacy_policy` (
  `pp_id` int(11) NOT NULL AUTO_INCREMENT COMMENT 'Table''s id',
  `question` varchar(256) NOT NULL,
  `answer` varchar(256) NOT NULL,
  `order` int(11) NOT NULL COMMENT 'order''s id',
  `del_flg` int(11) NOT NULL COMMENT 'Delete flag',
  `created_date` varchar(10) NOT NULL COMMENT 'Date this table was created',
  `created_by` varchar(256) NOT NULL COMMENT 'Name this table was created',
  `updated_date` varchar(11) DEFAULT NULL COMMENT 'Date this table was updated',
  `updated_by` varchar(256) DEFAULT NULL COMMENT 'Name this table was updated',
  PRIMARY KEY (`pp_id`)
) ENGINE=InnoDB AUTO_INCREMENT=8 DEFAULT CHARSET=utf8mb4;
/*!40101 SET character_set_client = @saved_cs_client */;

--
-- Dumping data for table `privacy_policy`
--

LOCK TABLES `privacy_policy` WRITE;
/*!40000 ALTER TABLE `privacy_policy` DISABLE KEYS */;
INSERT INTO `privacy_policy` VALUES (4,'1.ကိုယ်ရေးကိုယ်တာအချက်အလက် နှင့်ဆိုင်သော','Yadanar Thike သည် စာရွက်စာတမ်းများ သို့မဟုတ် ဝန်ဆောင်မှုများတောင်းဆိုမှုနှင့်ပတ်သက်၍ အသုံးပြုသူများထံမှ ဆိုက်မှတစ်ဆင့် ကိုယ်ရေးကိုယ်တာအချက်အလက်များကို စုဆောင်းနိုင်ပါသည်။',0,0,'6/5/2022','myat kaung khant','17/06/2022','Myat Kaung Khant'),(5,'2.ဝဘ်ဆိုဒ်ကို ဝင်ရောက်ကြည့်ရှုခွင့်၊ဒေတာကို ပြုပြင်ပြီး ဖျက်ပစ်ရန်နှင့် ဒေတာလုပ်ဆောင်ခြင်းကို ကန့်ကွက်ရန်','Lorem ipsum dolor sit amet, consectetur adipiscing elit, sed do eiusmod tempor incididunt ut labore et dolore magna aliqua.',0,0,'6/5/2022','myat kaung khant','17/06/2022','Myat Kaung Khant'),(6,'3. စာရေးသူများအတွက် ကိုယ်ရေးကိုယ်တာ ကာကွယ်ရေး','Lorem ipsum dolor sit amet, consectetur adipiscing elit, sed do eiusmod tempor incididunt ut labore et dolore magna aliqua.',0,0,'6/5/2022','myat kaung khant',NULL,NULL),(7,'4. စာဖတ်သူများနှင့် ဖောက်သည်များအတွက် ကိုယ်ရေးကိုယ်တာ ကာကွယ်ရေး','Lorem ipsum dolor sit amet, consectetur adipiscing elit, sed do eiusmod tempor incididunt ut labore et dolore magna aliqua.',0,0,'6/5/2022','myat kaung khant',NULL,NULL);
/*!40000 ALTER TABLE `privacy_policy` ENABLE KEYS */;
UNLOCK TABLES;

--
-- Table structure for table `publisher`
--

DROP TABLE IF EXISTS `publisher`;
/*!40101 SET @saved_cs_client     = @@character_set_client */;
/*!40101 SET character_set_client = utf8 */;
CREATE TABLE `publisher` (
  `publisher_id` int(11) NOT NULL AUTO_INCREMENT COMMENT 'Table''s id',
  `publisher_name` varchar(256) NOT NULL COMMENT 'Publisher''s name',
  `del_flg` int(11) NOT NULL COMMENT 'Delete flag',
  `created_date` varchar(10) NOT NULL COMMENT 'Date this table was created',
  `created_by` varchar(256) NOT NULL COMMENT 'Name this table was created',
  `updated_date` varchar(10) DEFAULT NULL COMMENT 'Date this table was updated',
  `updated_by` varchar(256) DEFAULT NULL COMMENT 'Name this table was updated',
  PRIMARY KEY (`publisher_id`)
) ENGINE=InnoDB AUTO_INCREMENT=15 DEFAULT CHARSET=utf8mb4;
/*!40101 SET character_set_client = @saved_cs_client */;

--
-- Dumping data for table `publisher`
--

LOCK TABLES `publisher` WRITE;
/*!40000 ALTER TABLE `publisher` DISABLE KEYS */;
INSERT INTO `publisher` VALUES (1,'စိတ်ကူးချိုချို',0,'6/5/2022','Myat Kaung Khant',NULL,NULL),(2,'ပန်းဆက်လမ်း',0,'6/5/2022','Myat Kaung Khant',NULL,NULL),(3,'ရောင်စုံကြွေစက္ကူ',0,'6/5/2022','Myat Kaung Khant',NULL,NULL),(4,'Quality စာပေ',0,'6/5/2022','Myat Kaung Khant',NULL,NULL),(5,'ဆုပိုင်စာပေ',0,'6/5/2022','Myat Kaung Khant',NULL,NULL),(6,'ယဉ်မျိုးစာပေ',0,'6/5/2022','Myat Kaung Khant',NULL,NULL),(7,'ဇလပ်နီစာပေ',0,'6/5/2022','Myat Kaung Khant',NULL,NULL),(8,'သုတစွယ်စုံစာအုပ်တိုက်',0,'6/5/2022','Myat Kaung Khant',NULL,NULL),(9,'ခင်ခင်မေကျော်စာအုပ်တိုက်',0,'6/5/2022','Myat Kaung Khant',NULL,NULL),(10,'SYNERGY Publications စာပေ',0,'6/5/2022','Myat Kaung Khant',NULL,NULL),(11,'ချန့်ချန်စာပေ',0,'6/5/2022','Myat Kaung Khant',NULL,NULL),(12,'ကိုလတ်စာပေ',0,'6/5/2022','Myat Kaung Khant',NULL,NULL),(13,'မဟာစာပေ',0,'6/5/2022','Myat Kaung Khant',NULL,NULL),(14,'ဇာစ်မြစ်',0,'6/5/2022','Myat Kaung Khant',NULL,NULL);
/*!40000 ALTER TABLE `publisher` ENABLE KEYS */;
UNLOCK TABLES;

--
-- Table structure for table `review_rating`
--

DROP TABLE IF EXISTS `review_rating`;
/*!40101 SET @saved_cs_client     = @@character_set_client */;
/*!40101 SET character_set_client = utf8 */;
CREATE TABLE `review_rating` (
  `review_id` int(11) NOT NULL AUTO_INCREMENT COMMENT 'Table''s id',
  `book_id` int(11) NOT NULL COMMENT 'Book''s id',
  `customer_id` int(11) NOT NULL COMMENT 'Customer''s id',
  `comment` varchar(256) NOT NULL COMMENT 'Reviewer''s comment',
  `review_date` varchar(256) NOT NULL COMMENT 'Date that the user written about that book',
  `rating` int(11) NOT NULL COMMENT 'User''s rating for the book',
  `del_flg` int(11) NOT NULL COMMENT 'Delete flag',
  `created_date` varchar(10) NOT NULL COMMENT 'Date this table was created',
  `created_by` varchar(256) NOT NULL COMMENT 'Name this table was created',
  `updated_date` varchar(11) DEFAULT NULL COMMENT 'Date this table was updated',
  `updated_by` varchar(256) DEFAULT NULL COMMENT 'Name this table was updated',
  PRIMARY KEY (`review_id`)
) ENGINE=InnoDB AUTO_INCREMENT=6 DEFAULT CHARSET=utf8mb4;
/*!40101 SET character_set_client = @saved_cs_client */;

--
-- Dumping data for table `review_rating`
--

LOCK TABLES `review_rating` WRITE;
/*!40000 ALTER TABLE `review_rating` DISABLE KEYS */;
INSERT INTO `review_rating` VALUES (4,26,4,'this book is a little good','17/06/2022',2,0,'17/06/2022','KaungKaung',NULL,NULL),(5,19,4,'this book is good','17/06/2022',3,0,'17/06/2022','KaungKaung',NULL,NULL);
/*!40000 ALTER TABLE `review_rating` ENABLE KEYS */;
UNLOCK TABLES;

--
-- Table structure for table `service`
--

DROP TABLE IF EXISTS `service`;
/*!40101 SET @saved_cs_client     = @@character_set_client */;
/*!40101 SET character_set_client = utf8 */;
CREATE TABLE `service` (
  `service_id` int(11) NOT NULL AUTO_INCREMENT COMMENT 'Table''s id',
  `question` varchar(256) NOT NULL,
  `answer` varchar(256) NOT NULL,
  `order` int(11) NOT NULL COMMENT 'order''s id',
  `icon` varchar(256) NOT NULL COMMENT 'service''s id',
  `del_flg` int(11) NOT NULL COMMENT 'Delete flag',
  `created_date` varchar(10) NOT NULL COMMENT 'Date this table was created',
  `created_by` varchar(256) NOT NULL COMMENT 'Name this table was created',
  `updated_date` varchar(11) DEFAULT NULL COMMENT 'Date this table was updated',
  `updated_by` varchar(256) DEFAULT NULL COMMENT 'Name this table was updated',
  PRIMARY KEY (`service_id`)
) ENGINE=InnoDB AUTO_INCREMENT=11 DEFAULT CHARSET=utf8mb4;
/*!40101 SET character_set_client = @saved_cs_client */;

--
-- Dumping data for table `service`
--

LOCK TABLES `service` WRITE;
/*!40000 ALTER TABLE `service` DISABLE KEYS */;
INSERT INTO `service` VALUES (6,'စာမှတ်ကဒ်အခမဲ့','Lorem ipsum dolor sit amet consectetur adipisicing elit. Numquam illo deleniti eaque, voluptas quasi enim in reiciendis dignissimos tempore perferendis qui, delectus recusandae impedit optio aliquam? Libero cum, iure hic, pariatur minima facere commodi exe',0,'Servicebookmark.png',0,'6/6/2022','myat kaung khant',NULL,NULL),(7,'ပို့ခနှုန်းထား','Lorem ipsum dolor sit amet consectetur adipisicing elit. Numquam illo deleniti eaque, voluptas quasi enim in reiciendis dignissimos tempore perferendis qui, delectus recusandae impedit optio aliquam? Libero cum, iure hic, pariatur minima facere commodi exe',0,'Servicedelifee.png',0,'6/6/2022','myat kaung khant',NULL,NULL),(8,'ပြည်တွင်းပို့ဆောင်မှုစနစ်','Lorem ipsum dolor sit amet consectetur adipisicing elit. Numquam illo deleniti eaque, voluptas quasi enim in reiciendis dignissimos tempore perferendis qui, delectus recusandae impedit optio aliquam? Libero cum, iure hic, pariatur minima facere commodi exe',0,'Servicedelivery.png',0,'6/6/2022','myat kaung khant',NULL,NULL),(9,'ပို့ဆောင်မှုကြာမြင့်ချိန်','Lorem ipsum dolor sit amet consectetur adipisicing elit. Numquam illo deleniti eaque, voluptas quasi enim in reiciendis dignissimos tempore perferendis qui, delectus recusandae impedit optio aliquam? Libero cum, iure hic, pariatur minima facere commodi exe',0,'Servicetime.png',0,'6/6/2022','myat kaung khant',NULL,NULL),(10,'တာဝန်ယူမှုများ','Lorem ipsum dolor sit amet consectetur adipisicing elit. Numquam illo deleniti eaque, voluptas quasi enim in reiciendis dignissimos tempore perferendis qui, delectus recusandae impedit optio aliquam? Libero cum, iure hic, pariatur minima facere commodi exe',0,'Serviceverify.png',0,'6/6/2022','myat kaung khant',NULL,NULL);
/*!40000 ALTER TABLE `service` ENABLE KEYS */;
UNLOCK TABLES;

--
-- Table structure for table `shop_list`
--

DROP TABLE IF EXISTS `shop_list`;
/*!40101 SET @saved_cs_client     = @@character_set_client */;
/*!40101 SET character_set_client = utf8 */;
CREATE TABLE `shop_list` (
  `shop_id` int(11) NOT NULL AUTO_INCREMENT COMMENT 'Table''s id',
  `shop_Cate` varchar(256) NOT NULL COMMENT 'shop''s categories',
  `shop_name` varchar(256) NOT NULL COMMENT 'shop''s name',
  `address` varchar(256) NOT NULL COMMENT 'shop''s address',
  `state_id` int(11) NOT NULL COMMENT 'state''s id',
  `township_id` int(11) NOT NULL COMMENT 'township''s id',
  `phone_no` varchar(256) NOT NULL COMMENT 'shop''s phone',
  `del_flg` int(11) NOT NULL COMMENT 'Delete flag',
  `created_date` varchar(10) NOT NULL COMMENT 'Date this table was created',
  `created_by` varchar(256) NOT NULL COMMENT 'Name this table was created',
  `updated_date` varchar(11) DEFAULT NULL COMMENT 'Date this table was updated',
  `updated_by` varchar(256) DEFAULT NULL COMMENT 'Name this table was updated',
  PRIMARY KEY (`shop_id`)
) ENGINE=InnoDB AUTO_INCREMENT=20 DEFAULT CHARSET=utf8mb4;
/*!40101 SET character_set_client = @saved_cs_client */;

--
-- Dumping data for table `shop_list`
--

LOCK TABLES `shop_list` WRITE;
/*!40000 ALTER TABLE `shop_list` DISABLE KEYS */;
INSERT INTO `shop_list` VALUES (1,'စာပေလောက ','စာပေလောက (ပန်းဆိုးတန်း) ','အမှတ် ၂၆၂-၂၆၄၊ ပန်းဆိုးတန်းလမ်း၊ ပန်းဆိုးတန်း တံတား၊ ရန်ကုန်ဘူတာကြီးအနီး၊ ရန်ကုန်။ ',0,0,'ဖုန်းနံပါတ် ၀၉-၅၁၄ ၅၃၁၈ ၊ ၀၉-၇၉၅ ၂၇၇ ၉၆၂',0,'','',NULL,NULL),(2,'စာပေလောက','စာပေလောက (တောင်ဥက္ကလာပ) ','အမှတ် ၃၆၀၊ သုမင်္ဂလာလမ်း၊ပဒေသာလမ်းဆုံ၊ တောင်ဥက္ကလာပ၊ ရန်ကုန်။ ',0,0,'ဖုန်းနံပါတ် ၀၉-၂၆၇ ၁၇၂ ၉၅၄၊ ၀၉-၈၈၀ ၆၅၆ ၂၇၀',0,'','',NULL,NULL),(3,'စာပေလောက','စာပေလောက (Junction City) ','ဆိုင်အမှတ် ၀၄-၀၀၁၊ ၄ လွှာ၊ Junction City ၊ ရန်ကုန်။ ',0,0,'ဖုန်းနံပါတ် ၀၉-၄၂၂ ၅၇၉ ၉၈၈',0,'','',NULL,NULL),(4,'စာပေလောက','စာပေလောက (The Central) ','The Central Boulevard၊ ကမ္ဘာအေးဘုရားလမ်း နှင့် ကန်ဘဲ့လမ်းထောင့်၊ ရန်ကုန်။ ',0,0,'ဖုန်းနံပါတ် ၀၉-၄၄၆ ၄၄၆ ၁၁၉ ၊၀၉-၆၈၁ ၄၇၀ ၀၁၀',0,'','',NULL,NULL),(5,'စာပေလောက','စာပေလောက (ကျောက်မြောင်း) ','အမှတ် ၂၂၊ ကျားကွက်သစ်လမ်း၊ ဓမ္မဝိဟာရလမ်းထိပ်၊ ကျောက်မြောင်း၊ ရန်ကုန်။ ',0,0,'ဖုန်းနံပါတ် ၀၉-၂၆၇ ၁၇၂ ၉၅၄၊ ၀၉-၈၈၀ ၆၅၆ ၂၇၀',0,'','',NULL,NULL),(6,'စာပေလောက','စာပေလောက (အင်းစိန်) ','အမှတ် A-3၊ ပူးမားတိုက်၊ လှိုင်မြစ်လမ်း၊ CB ဘဏ်ရှေ့၊ အင်းစိန်ဈေးအနီး၊ အင်းစိန်၊ ရန်ကုန်။ ',0,0,'ဖုန်းနံပါတ် ၀၉-၈၉၄ ၈၀၀ ၇၂၅ ၊ ၀၉-၂၅၇ ၁၇၉ ၂၉၅',0,'','',NULL,NULL),(7,'စာပေလောက','စာပေလောက (Times City) ','ဟံသာဝတီလမ်း နှင့် ကျွန်းတောလမ်းကြား၊ ကမာရွတ်မြို့နယ်၊ ရန်ကုန်။ ',0,0,'ဖုန်းနံပါတ် ၀၉-၈၈၂ ၅၀၇ ၅၈၆',0,'','',NULL,NULL),(8,'စာပေလောက','စာပေလောက (မြောက်ဥက္ကလာပ) ','ကန်သာယာလမ်းဆုံ၊သုဓမ္မာလမ်းမ၊ အ.ထ.က(၃)ကျောင်းရှေ့၊ မြောက်ဥက္ကလာပ၊ ရန်ကုန်။ ',0,0,'ဖုန်းနံပါတ် ၀၉-၂၅၀ ၁၃၇ ၄၄၉ ၊ ၀၉-၂၆၇ ၁၇၂ ၉၄၆',0,'','',NULL,NULL),(9,'စာပေလောက','','ရေကျော်လမ်းမ (သံလမ်းအနီး)၊ ပုစွန်တောင်မြို့နယ်။ ',0,0,'ဖုန်းနံပါတ် ၀၉ -၂၆၈ ၆၉၀ ၀၀၁',0,'','',NULL,NULL),(10,'စာပေလောက','','အမှတ် (၁၆၉)၊ ၃၁လမ်း (အထက်)၊ ပန်းဘဲတန်းမြို့နယ်၊ ရန်ကုန်။ ',0,0,'ဖုန်းနံပါတ် ၀၁-၈၃၈ ၈၀၂၄ ၊ ၀၉-၇၇၉ ၉၂၇ ၉၆၉၊ ၀၉-၂၅၀ ၀၁၁ ၅၂၁',0,'','',NULL,NULL),(11,'အင်းဝစာအုပ်ဆိုင်','အင်းဝစာအုပ်ဆိုင် (ပန်းဆိုးတန်း) ','',0,0,'ဖုန်းနံပါတ် ၀၁-၈၂၄ ၃၂၁၆၊ ၀၁-၈၃၉ ၈၁၀၆',0,'','',NULL,NULL),(12,'အင်းဝစာအုပ်ဆိုင်','အင်းဝစာအုပ်ဆိုင် (လှည်းတန်း) ','ဦးထွန်းလင်းခြံလမ်း၊ လှည်းတန်း၊ ကမာရွတ်မြို့နယ်၊ ရန်ကုန်။ ',0,0,'ဖုန်းနံပါတ် ၀၉-၉၅၄ ၅၁၄ ၃၈၇',0,'','',NULL,NULL),(13,'အင်းဝစာအုပ်ဆိုင်','Innwa Books & Cafe (Myanmar Plaza) ','အခန်း (206 D ), မြန်မာပလာဇာ ဒုတိယထပ်၊ ကမ္ဘာအေးဘုရားလမ်း၊ ရန်ကင်းမြို့နယ်၊ ရန်ကုန်။ ',0,0,'ဖုန်းနံပါတ် ၀၉-၂၆၃ ၆၈၄ ၅၅၈',0,'','',NULL,NULL),(14,'အင်းဝစာအုပ်ဆိုင်','Innwa Books & Cafe (Time City) ','TIME CITY 4th Floor ',0,0,'ဖုန်းနံပါတ် ၀၉-၂၆၆ ၈၅၇ ၄၃၃',0,'','',NULL,NULL),(15,'အင်းဝစာအုပ်ဆိုင်','Innwa Books & Cafe (Terminal M) ','01-14, 1st floor, Terminal M Shopping Mall. အမှတ် ၃ လမ်းမကြီး နှင့် ခရေပင်လမ်းဆုံ၊ မင်္ဂလာဒုံ မြို့နယ်၊ ရန်ကုန်မြို့။ ',0,0,'ဖုန်းနံပါတ် ၀၉-၇၅၉ ၇၅၄ ၀၉၁၊ ၀၉- ၇၅၉ ၇၅၄ ၀၉၈',0,'','',NULL,NULL),(16,'အင်းဝစာအုပ်ဆိုင်','Innwa Books & Cafe (Mingalar Mandalay) ','Mingalar Mandalay, 4th Floor. ',0,0,'ဖုန်းနံပါတ် ၀၉-၂၆၃ ၆၈၄ ၅၅၇',0,'','',NULL,NULL),(17,'ရာပြည့် စာအုပ်ဆိုင်','ရာပြည့် စာအုပ်ဆိုင် (ပန်းဆိုးတန်း) ','',0,0,'ဖုန်းနံပါတ် ၀၉-၂၆၃ ၆၈၄ ၅၅၇',0,'','',NULL,NULL),(18,'ရာပြည့် စာအုပ်ဆိုင်','ရာပြည့် စာအုပ်ဆိုင် (လှည်းတန်း) ','ဦးထွန်းလင်းခြံလမ်း၊ လှည်းတန်း၊ ကမာရွတ်မြို့နယ်၊ ရန်ကုန်။ ',0,0,'ဖုန်းနံပါတ် ၀၉-၂၅၁ ၅၆၇ ၁၄၀ ၊ ၀၉-၇၈၂ ၇၁၄ ၅၀၄',0,'','',NULL,NULL),(19,'ရာပြည့် စာအုပ်ဆိုင်','','အမှတ် ၅၁၊ ရေကျော်လမ်းမကြီး၊ ပုဇွန်တောင်မြို့နယ်၊ ရန်ကုန်။ ',0,0,'ဖုန်းနံပါတ် ၀၉-၂၅၀ ၀၁၂ ၃၄၈၊ ၀၉ ၄၄၃ ၀၄၁ ၁၃၇',0,'','',NULL,NULL);
/*!40000 ALTER TABLE `shop_list` ENABLE KEYS */;
UNLOCK TABLES;

--
-- Table structure for table `site_master`
--

DROP TABLE IF EXISTS `site_master`;
/*!40101 SET @saved_cs_client     = @@character_set_client */;
/*!40101 SET character_set_client = utf8 */;
CREATE TABLE `site_master` (
  `site_master_id` int(11) NOT NULL AUTO_INCREMENT COMMENT 'Table''s id',
  `name` varchar(256) NOT NULL COMMENT 'shop''s name',
  `logo` varchar(256) NOT NULL COMMENT 'shop''s logo',
  `icon` varchar(256) NOT NULL COMMENT 'shop''s icon',
  `phone` varchar(256) NOT NULL COMMENT 'shop''s phno',
  `address` varchar(256) NOT NULL COMMENT 'shop''s address',
  `email` varchar(256) NOT NULL COMMENT 'shop''s email',
  `slider_1` varchar(256) NOT NULL COMMENT 'shop''s slider',
  `slider_2` varchar(256) NOT NULL COMMENT 'shop''s slider',
  `welcome_text` varchar(256) NOT NULL COMMENT 'shop''s wel_txt',
  `available_time` varchar(256) NOT NULL COMMENT 'open_time & close_time',
  `facebook` varchar(256) NOT NULL COMMENT 'shop''s facebook',
  `instagram` varchar(256) NOT NULL COMMENT 'shop''s instagram',
  `twitter` varchar(256) NOT NULL COMMENT 'shop''s twitter',
  `del_flg` int(11) NOT NULL COMMENT 'Delete flag',
  `created_date` varchar(10) NOT NULL COMMENT 'Date this table was created',
  `created_by` varchar(256) NOT NULL COMMENT 'Name this table was created',
  `updated_date` varchar(11) DEFAULT NULL COMMENT 'Date this table was updated',
  `updated_by` varchar(256) DEFAULT NULL COMMENT 'Name this table was updated',
  PRIMARY KEY (`site_master_id`)
) ENGINE=InnoDB AUTO_INCREMENT=5 DEFAULT CHARSET=utf8mb4;
/*!40101 SET character_set_client = @saved_cs_client */;

--
-- Dumping data for table `site_master`
--

LOCK TABLES `site_master` WRITE;
/*!40000 ALTER TABLE `site_master` DISABLE KEYS */;
INSERT INTO `site_master` VALUES (4,'','','','+၉၅၉၁၂၃၄၅၆၇၈၉','အမှတ် (၁၂၃) ၊ ရတနာလမ်း၊တောင်ဥက္ကလာပမြို့နယ်၊ ရန်ကုန်။','yadanarthikebookshop@gmail.com','','','','မနက်၉နာရီ မှ ညနေ၆‌နာရီ','','','',0,'17/06/2022','myat kaung khant',NULL,NULL);
/*!40000 ALTER TABLE `site_master` ENABLE KEYS */;
UNLOCK TABLES;

--
-- Table structure for table `slider`
--

DROP TABLE IF EXISTS `slider`;
/*!40101 SET @saved_cs_client     = @@character_set_client */;
/*!40101 SET character_set_client = utf8 */;
CREATE TABLE `slider` (
  `slider_id` int(11) NOT NULL AUTO_INCREMENT COMMENT 'Table''s id',
  `slider_image` varchar(256) NOT NULL COMMENT 'Slider''s image',
  `del_flg` int(11) NOT NULL COMMENT 'Delete flag',
  `created_date` varchar(10) NOT NULL COMMENT 'Date this table was created',
  `created_by` varchar(256) NOT NULL COMMENT 'Name this table was created',
  `updated_date` varchar(11) DEFAULT NULL COMMENT 'Date this table was updated',
  `updated_by` varchar(256) DEFAULT NULL COMMENT 'Name this table was updated',
  PRIMARY KEY (`slider_id`)
) ENGINE=InnoDB AUTO_INCREMENT=4 DEFAULT CHARSET=utf8mb4;
/*!40101 SET character_set_client = @saved_cs_client */;

--
-- Dumping data for table `slider`
--

LOCK TABLES `slider` WRITE;
/*!40000 ALTER TABLE `slider` DISABLE KEYS */;
INSERT INTO `slider` VALUES (1,'slide1.png',0,'07/06/2022','myat kaung khant','07/06/2022','myat kaung khant'),(2,'slide2.png',0,'07/06/2022','myat kaung khant','07/06/2022','myat kaung khant'),(3,'slide3.png',1,'07/06/2022','myat kaung khant',NULL,NULL);
/*!40000 ALTER TABLE `slider` ENABLE KEYS */;
UNLOCK TABLES;

--
-- Table structure for table `state`
--

DROP TABLE IF EXISTS `state`;
/*!40101 SET @saved_cs_client     = @@character_set_client */;
/*!40101 SET character_set_client = utf8 */;
CREATE TABLE `state` (
  `state_id` int(11) NOT NULL AUTO_INCREMENT COMMENT 'Table''s id',
  `state_name` varchar(256) NOT NULL COMMENT 'State''s name',
  `delivery_id` int(11) NOT NULL COMMENT 'Delivery''s id',
  `del_flg` int(11) NOT NULL COMMENT 'Delete flag',
  `created_date` varchar(10) NOT NULL COMMENT 'Date this table was created',
  `created_by` varchar(256) NOT NULL COMMENT 'Name this table was created',
  `updated_date` varchar(11) DEFAULT NULL COMMENT 'Date this table was updated',
  `updated_by` varchar(256) DEFAULT NULL COMMENT 'Name this table was updated',
  PRIMARY KEY (`state_id`)
) ENGINE=InnoDB AUTO_INCREMENT=16 DEFAULT CHARSET=utf8mb4;
/*!40101 SET character_set_client = @saved_cs_client */;

--
-- Dumping data for table `state`
--

LOCK TABLES `state` WRITE;
/*!40000 ALTER TABLE `state` DISABLE KEYS */;
INSERT INTO `state` VALUES (1,'ကချင်ပြည်နယ်',1,0,'6/6/2022','Myat Kaung Khant',NULL,NULL),(2,'ကယားပြည်နယ်',2,0,'6/6/2022','Myat Kaung Khant',NULL,NULL),(3,'ကရင်ပြည်နယ်',3,0,'6/6/2022','Myat Kaung Khant',NULL,NULL),(4,'ချင်းပြည်နယ်',4,0,'6/6/2022','Myat Kaung Khant',NULL,NULL),(5,'စစ်ကိုင်းတိုင်းဒေသကြီး',5,0,'6/6/2022','Myat Kaung Khant',NULL,NULL),(6,'တနင်္သာရီတိုင်းဒေသကြီး',6,0,'6/6/2022','Myat Kaung Khant',NULL,NULL),(7,'ပဲခူးတိုင်းဒေသကြီး',7,0,'6/6/2022','Myat Kaung Khant',NULL,NULL),(8,'မကွေးတိုင်းဒေသကြီး',8,0,'6/6/2022','Myat Kaung Khant',NULL,NULL),(9,'မန္တလေးတိုင်းဒေသကြီး',9,0,'6/6/2022','Myat Kaung Khant',NULL,NULL),(10,'မွန်ပြည်နယ်',10,0,'6/6/2022','Myat Kaung Khant',NULL,NULL),(11,'ရခိုင်ပြည်နယ်',11,0,'6/6/2022','Myat Kaung Khant',NULL,NULL),(12,'ရန်ကုန်တိုင်းဒေသကြီး',12,0,'6/6/2022','Myat Kaung Khant',NULL,NULL),(13,'ရှမ်းပြည်နယ်',13,0,'6/6/2022','Myat Kaung Khant',NULL,NULL),(14,'ဧရာဝတီတိုင်းဒေသကြီး',14,0,'6/6/2022','Myat Kaung Khant',NULL,NULL);
/*!40000 ALTER TABLE `state` ENABLE KEYS */;
UNLOCK TABLES;

--
-- Table structure for table `township`
--

DROP TABLE IF EXISTS `township`;
/*!40101 SET @saved_cs_client     = @@character_set_client */;
/*!40101 SET character_set_client = utf8 */;
CREATE TABLE `township` (
  `township_id` int(11) NOT NULL AUTO_INCREMENT COMMENT 'Table''s id',
  `state_id` int(11) NOT NULL,
  `township_name` varchar(256) NOT NULL COMMENT 'Township''s name',
  `delivery_id` int(11) NOT NULL COMMENT 'Delivery''s id',
  `del_flg` int(11) NOT NULL COMMENT 'Delete flag',
  `created_date` varchar(10) NOT NULL COMMENT 'Date this table was created',
  `created_by` varchar(256) NOT NULL COMMENT 'Name this table was created',
  `updated_date` varchar(11) DEFAULT NULL COMMENT 'Date this table was updated',
  `updated_by` varchar(256) DEFAULT NULL COMMENT 'Name this table was updated',
  PRIMARY KEY (`township_id`)
) ENGINE=InnoDB AUTO_INCREMENT=114 DEFAULT CHARSET=utf8mb4;
/*!40101 SET character_set_client = @saved_cs_client */;

--
-- Dumping data for table `township`
--

LOCK TABLES `township` WRITE;
/*!40000 ALTER TABLE `township` DISABLE KEYS */;
INSERT INTO `township` VALUES (1,12,'ကြည့်မြင့်တိုင်',1,0,'6/6/2022','Myat Kaung Khant',NULL,NULL),(2,12,'လမ်းမတော် ',2,0,'6/6/2022','Myat Kaung Khant',NULL,NULL),(3,12,'လှိုင်',3,0,'6/6/2022','Myat Kaung Khant',NULL,NULL),(4,9,'ချမ်းအေးသာဇံ',6,0,'6/6/2022','Myat Kaung Khant',NULL,NULL),(5,9,'ချမ်းမြသာစည်',7,0,'6/6/2022','Myat Kaung Khant',NULL,NULL),(6,14,'ပုသိမ်',13,0,'6/6/2022','Myat Kaung Khant',NULL,NULL),(7,14,'ကန်ကြီးထောင့်',14,0,'6/6/2022','Myat Kaung Khant',NULL,NULL),(8,14,'ငပုတော',14,0,'6/6/2022','Myat Kaung Khant',NULL,NULL),(9,14,'မြောင်းမြ',15,0,'6/6/2022','Myat Kaung Khant',NULL,NULL),(10,14,'ဟင်္သာတ',14,0,'6/6/2022','Myat Kaung Khant\r\n',NULL,NULL),(11,14,'ဇလွန်',14,0,'6/6/2022','Myat Kaung Khant\r\n',NULL,NULL),(12,14,'‌ရေကြည်',14,0,'6/6/2022','Myat Kaung Khant\r\n',NULL,NULL),(13,14,'အသုတ်',14,0,'6/6/2022','Myat Kaung Khant\r\n',NULL,NULL),(14,14,'မအူပင်',16,0,'6/6/2022','Myat Kaung Khant\r\n',NULL,NULL),(15,14,'ဓနုဖြူ',14,0,'6/6/2022','Myat Kaung Khant\r\n',NULL,NULL),(16,14,'ကြံခင်း',14,0,'6/6/2022','Myat Kaung Khant\r\n',NULL,NULL),(17,14,'ကျောင်းကုန်း',14,0,'6/6/2022','Myat Kaung Khant\r\n',NULL,NULL),(18,14,'အင်္ဂပူ',14,0,'6/6/2022','Myat Kaung Khant\r\n',NULL,NULL),(19,14,'လေးမျက်နှာ',14,0,'6/6/2022','Myat Kaung Khant\r\n',NULL,NULL),(20,14,'ကျုံပျော် ',14,0,'6/6/2022','Myat Kaung Khant\r\n',NULL,NULL),(21,14,'ငါးသိုင်းချောင်း',17,0,'6/6/2022','Myat Kaung Khant\r\n',NULL,NULL),(22,14,'မြန်အောင်',14,0,'6/6/2022','Myat Kaung Khant\r\n',NULL,NULL),(23,14,'ကျိုက်လတ်',14,0,'6/6/2022','Myat Kaung Khant\r\n',NULL,NULL),(24,14,'ဖျာပုံ\r\n\r\n',14,0,'6/6/2022','Myat Kaung Khant\r\n',NULL,NULL),(25,14,'ဒေးဒရဲ',14,0,'6/6/2022','Myat Kaung Khant\r\n',NULL,NULL),(26,14,'ဘိုကလေး',14,0,'6/6/2022','Myat Kaung Khant\r\n',NULL,NULL),(27,14,'လပ္ပတ္တာ',14,0,'6/6/2022','Myat Kaung Khant\r\n',NULL,NULL),(28,14,'ဝါးခယ်မ',14,0,'6/6/2022','Myat Kaung Khant\r\n',NULL,NULL),(29,14,'ပန်းတနော် ',14,0,'6/6/2022','Myat Kaung Khant\r\n',NULL,NULL),(30,14,'မော်လမြိုင်ကျွန်း',14,0,'6/6/2022','Myat Kaung Khant\r\n',NULL,NULL),(31,14,'အိမ်မဲ',14,0,'6/6/2022','Myat Kaung Khant\r\n',NULL,NULL),(32,1,'မြစ်ကြီးနား',1,0,'6/6/2022','Myat Kaung Khant\r\n',NULL,NULL),(33,2,'လွိုင်ကော် ',2,0,'6/6/2022','Myat Kaung Khant\r\n',NULL,NULL),(34,3,'ဘားအံ',3,0,'6/6/2022','Myat Kaung Khant\r\n',NULL,NULL),(35,4,'ဟားခါး ',4,0,'6/6/2022','Myat Kaung Khant\r\n',NULL,NULL),(36,5,'မုံရွာ',11,0,'6/6/2022','Myat Kaung Khant\r\n',NULL,NULL),(37,6,'ကော့သောင်း ',6,0,'6/6/2022','Myat Kaung Khant\r\n',NULL,NULL),(38,7,'ပဲခူး',7,0,'6/6/2022','Myat Kaung Khant\r\n',NULL,NULL),(39,8,'မကွေး',8,0,'6/6/2022','Myat Kaung Khant\r\n',NULL,NULL),(40,10,'မော်လမြိုင် ',10,0,'6/6/2022','Myat Kaung Khant\r\n',NULL,NULL),(41,11,'စစ်တွေ',11,0,'6/6/2022','Myat Kaung Khant\r\n',NULL,NULL),(42,13,'တောင်ကြီး ',13,0,'6/6/2022','Myat Kaung Khant\r\n',NULL,NULL),(43,12,'ဗိုလ်တထောင်',12,0,'6/6/2022','Myat Kaung Khant',NULL,NULL),(44,12,'ဒဂုံဆိပ်ကမ်း',12,0,'6/6/2022','Myat Kaung Khant',NULL,NULL),(45,12,'မင်္ဂလာတောင်ညွှန့်',12,0,'6/6/2022','Myat Kaung Khant',NULL,NULL),(46,12,'အရှေ့ဒဂုံ',12,0,'6/6/2022','Myat Kaung Khant',NULL,NULL),(47,12,'မြောက်ဒဂုံ',12,0,'6/6/2022','Myat Kaung Khant',NULL,NULL),(48,12,'တောင်ဒဂုံ',12,0,'6/6/2022','Myat Kaung Khant',NULL,NULL),(49,12,'တာမွေ',12,0,'6/6/2022','Myat Kaung Khant',NULL,NULL),(50,12,'ဗဟန်း',5,0,'6/6/2022','Myat Kaung Khant',NULL,NULL),(51,12,'လသာ',4,0,'6/6/2022','Myat Kaung Khant',NULL,NULL),(52,12,'မရမ်းကုန်း',12,0,'6/6/2022','Myat Kaung Khant',NULL,NULL),(53,12,'ပန်းဘဲတန်း',12,0,'6/6/2022','Myat Kaung Khant',NULL,NULL),(54,12,'စမ်းချောင်း ',12,0,'6/6/2022','Myat Kaung Khant',NULL,NULL),(55,12,'သင်္ကန်းကျွန်း',12,0,'6/6/2022','Myat Kaung Khant',NULL,NULL),(56,12,'ရန်ကင်း',12,0,'6/6/2022','Myat Kaung Khant',NULL,NULL),(57,12,'မြောက်ဥက္ကာလာပ',12,0,'6/6/2022','Myat Kaung Khant',NULL,NULL),(58,12,'တောင်ဥက္ကာလာပ',12,0,'6/6/2022','Myat Kaung Khant',NULL,NULL),(59,12,'ကမာရွတ် ',12,0,'6/6/2022','Myat Kaung Khant',NULL,NULL),(60,12,'လှိုင်သာယာ ',12,0,'6/6/2022','Myat Kaung Khant',NULL,NULL),(61,12,'အင်းစိန်',12,0,'6/6/2022','Myat Kaung Khant',NULL,NULL),(62,12,'မင်္ဂလာဒုံ',12,0,'6/6/2022','Myat Kaung Khant',NULL,NULL),(63,12,'ကျောက်တန်း',12,0,'6/6/2022','Myat Kaung Khant',NULL,NULL),(64,12,'တွံတေး',12,0,'6/6/2022','Myat Kaung Khant',NULL,NULL),(65,12,'ဒေါပုံ',12,0,'6/6/2022','Myat Kaung Khant',NULL,NULL),(66,12,'ပုဇွန်တောင် ',12,0,'6/6/2022','Myat Kaung Khant',NULL,NULL),(67,12,'သာကေတ',12,0,'6/6/2022','Myat Kaung Khant',NULL,NULL),(68,12,'ဒလ',12,0,'6/6/2022','Myat Kaung Khant',NULL,NULL),(69,12,'ကျောက်တံတား',12,0,'6/6/2022','Myat Kaung Khant',NULL,NULL),(70,12,'အလုံ',12,0,'6/6/2022','Myat Kaung Khant',NULL,NULL),(71,12,'ကော့မှုး',12,0,'6/6/2022','Myat Kaung Khant',NULL,NULL),(72,12,'ခရမ်း',12,0,'6/6/2022','Myat Kaung Khant',NULL,NULL),(73,12,'ကွမ်းခြံကုန်း ',12,0,'6/6/2022','Myat Kaung Khant',NULL,NULL),(74,12,'ဆိပ်ကြီးခနောင်တို ',12,0,'6/6/2022','Myat Kaung Khant',NULL,NULL),(75,12,'သန်လျင် ',12,0,'6/6/2022','Myat Kaung Khant',NULL,NULL),(76,12,'သုံးခွ',12,0,'6/6/2022','Myat Kaung Khant',NULL,NULL),(77,12,'လှည်းကူး ',12,0,'6/6/2022','Myat Kaung Khant',NULL,NULL),(78,12,'မှော်ဘီ ',12,0,'6/6/2022','Myat Kaung Khant',NULL,NULL),(79,12,'ထန်းတပင်',12,0,'6/6/2022','Myat Kaung Khant',NULL,NULL),(80,12,'ရွှေပြည်သာ',12,0,'6/6/2022','Myat Kaung Khant',NULL,NULL),(81,12,'တိုက်ကြီး ',12,0,'6/6/2022','Myat Kaung Khant',NULL,NULL),(82,9,'အောင်မြေသာဇံ',8,0,'6/6/2022','Myat Kaung Khant',NULL,NULL),(83,9,'မဟာအောင်မြေ ',9,0,'6/6/2022','Myat Kaung Khant',NULL,NULL),(84,9,'ပြည်ကြီးတံခွန် ',10,0,'6/6/2022','Myat Kaung Khant',NULL,NULL),(85,9,'အမရပူရ',9,0,'6/6/2022','Myat Kaung Khant',NULL,NULL),(86,9,'မြစ်ငယ်',9,0,'6/6/2022','Myat Kaung Khant',NULL,NULL),(87,9,'ပုသိမ်ကြီး ',9,0,'6/6/2022','Myat Kaung Khant',NULL,NULL),(88,9,'မိတ္ထီလာ',9,0,'6/6/2022','Myat Kaung Khant',NULL,NULL),(89,9,'မလှိုင်',9,0,'6/6/2022','Myat Kaung Khant',NULL,NULL),(90,9,'သာစည်',9,0,'6/6/2022','Myat Kaung Khant',NULL,NULL),(91,9,'ဝမ်းတွင်း',9,0,'6/6/2022','Myat Kaung Khant',NULL,NULL),(92,9,'မြင်းခြံ ',9,0,'6/6/2022','Myat Kaung Khant',NULL,NULL),(93,9,'တောင်သာ',9,0,'6/6/2022','Myat Kaung Khant',NULL,NULL),(94,9,'ကျောက်ဆည် ',9,0,'6/6/2022','Myat Kaung Khant',NULL,NULL),(95,9,'ပြင်ဦးလွင် ',9,0,'6/6/2022','Myat Kaung Khant',NULL,NULL),(96,9,'စဉ့်ကိုင် ',9,0,'6/6/2022','Myat Kaung Khant',NULL,NULL),(97,9,'မြစ်သား',9,0,'6/6/2022','Myat Kaung Khant',NULL,NULL),(98,9,'တံတားဦး',9,0,'6/6/2022','Myat Kaung Khant',NULL,NULL),(99,9,'ညောင်ဦး ',9,0,'6/6/2022','Myat Kaung Khant',NULL,NULL),(100,9,'ကျောက်ပန်းတောင်း',9,0,'6/6/2022','Myat Kaung Khant',NULL,NULL),(101,9,'ရမည်းသင်း ',9,0,'6/6/2022','Myat Kaung Khant',NULL,NULL),(102,9,'ပျော်ဘွယ် ',9,0,'6/6/2022','Myat Kaung Khant',NULL,NULL),(103,9,'မတ္တရာ',9,0,'6/6/2022','Myat Kaung Khant',NULL,NULL),(104,9,'သပိတ်ကျင်း',9,0,'6/6/2022','Myat Kaung Khant',NULL,NULL),(105,9,'မိုးကုတ်',9,0,'6/6/2022','Myat Kaung Khant',NULL,NULL),(106,7,'ပြည် ',7,0,'6/6/2022','Myat Kaung Khant\r\n',NULL,NULL),(107,5,'စစ်ကိုင်း',12,0,'6/6/2022','Myat Kaung Khant\r\n',NULL,NULL),(108,6,'ထားဝယ်',6,0,'6/6/2022','Myat Kaung Khant\r\n',NULL,NULL),(109,6,'တနင်္သာရီ',6,0,'6/6/2022','Myat Kaung Khant\r\n',NULL,NULL),(110,6,'မြိတ်',6,0,'6/6/2022','Myat Kaung Khant\r\n',NULL,NULL),(111,1,'ဗန်းမော် ',1,0,'6/6/2022','Myat Kaung Khant\r\n',NULL,NULL),(112,13,'လားရှိုး',13,0,'6/6/2022','Myat Kaung Khant\r\n',NULL,NULL),(113,13,'ကလော ',13,0,'6/6/2022','Myat Kaung Khant\r\n',NULL,NULL);
/*!40000 ALTER TABLE `township` ENABLE KEYS */;
UNLOCK TABLES;

--
-- Table structure for table `user_guide`
--

DROP TABLE IF EXISTS `user_guide`;
/*!40101 SET @saved_cs_client     = @@character_set_client */;
/*!40101 SET character_set_client = utf8 */;
CREATE TABLE `user_guide` (
  `userguide_id` int(11) NOT NULL AUTO_INCREMENT COMMENT 'Table''s id',
  `userguide_title` varchar(256) NOT NULL COMMENT 'the title of the userguide',
  `userguide_text` varchar(1024) NOT NULL COMMENT 'userguide text',
  `order_id` int(11) NOT NULL,
  `del_flg` int(11) NOT NULL COMMENT 'Delete flag',
  `created_date` varchar(10) NOT NULL COMMENT 'Date this table was created',
  `created_by` varchar(256) NOT NULL COMMENT 'Name this table was created',
  `updated_date` varchar(11) DEFAULT NULL COMMENT 'Date this table was updated',
  `updated_by` varchar(256) DEFAULT NULL COMMENT 'Name this table was updated',
  PRIMARY KEY (`userguide_id`)
) ENGINE=InnoDB AUTO_INCREMENT=4 DEFAULT CHARSET=utf8mb4;
/*!40101 SET character_set_client = @saved_cs_client */;

--
-- Dumping data for table `user_guide`
--

LOCK TABLES `user_guide` WRITE;
/*!40000 ALTER TABLE `user_guide` DISABLE KEYS */;
/*!40000 ALTER TABLE `user_guide` ENABLE KEYS */;
UNLOCK TABLES;
/*!40103 SET TIME_ZONE=@OLD_TIME_ZONE */;

/*!40101 SET SQL_MODE=@OLD_SQL_MODE */;
/*!40014 SET FOREIGN_KEY_CHECKS=@OLD_FOREIGN_KEY_CHECKS */;
/*!40014 SET UNIQUE_CHECKS=@OLD_UNIQUE_CHECKS */;
/*!40101 SET CHARACTER_SET_CLIENT=@OLD_CHARACTER_SET_CLIENT */;
/*!40101 SET CHARACTER_SET_RESULTS=@OLD_CHARACTER_SET_RESULTS */;
/*!40101 SET COLLATION_CONNECTION=@OLD_COLLATION_CONNECTION */;
/*!40111 SET SQL_NOTES=@OLD_SQL_NOTES */;

-- Dump completed on 2022-06-18 10:57:50
